id_registro,volumen_mb_sesion,frecuencia_dia,hora_predominante,duracion_seg,destino_externo,puerto_no_estandar,etiqueta
H0001,130.50222855780882,238.67320007146054,4.436196526146941,30.63852549081167,1,1,maliciosa
H0002,23.40570634000166,97.87650715334792,10.999051808402669,33.587063916150214,1,0,benigna
H0003,195.31988822558094,447.11202507333263,0.6757917428856404,53.82770528822428,1,0,maliciosa
H0004,4.983132598894258,87.47820949314661,13.174905450951988,40.64621065941171,1,0,benigna
H0005,11.518562395726505,81.29017936597407,15.625347409742432,72.6871849584247,0,0,benigna
H0006,33.682938224090165,9.370617471966241,7.428071519738706,54.2165589092783,0,0,benigna
H0007,363.7841175455035,35.32898717329326,6.109941974925395,44.028608239076036,1,1,maliciosa
H0008,16.434656423865324,105.22551104570255,15.197502347683242,79.75577005506292,0,0,benigna
H0009,80.34351259618029,66.0669057108602,12.084189172092003,181.15826075563444,0,0,benigna
H0010,113.26662648336423,82.01946027306127,3.0476673104984906,6.695779467468569,1,0,maliciosa
H0011,518.7409538971451,479.97670457264223,23.0,18.743526645504367,0,1,maliciosa
H0012,110.57066246716731,142.8566880719625,12.306328794322448,103.35926784299,1,0,benigna
H0013,113.13841567634461,296.57525256445723,4.462012838270888,21.222962746788017,0,1,maliciosa
H0014,694.8735986612885,423.8798121451372,5.655306251689928,35.08321437430024,1,0,maliciosa
H0015,56.46382177666014,108.86195296457763,13.660832079500675,77.51527847045264,1,0,benigna
H0016,422.5717606881667,165.10549042568562,3.601741327851621,14.729706305502301,1,1,maliciosa
H0017,49.419946461568735,59.945089629755344,13.30357290012611,70.64504300397493,0,0,benigna
H0018,233.57562975661438,188.59764863458219,23.0,49.60412421320283,0,1,maliciosa
H0019,366.4154257828843,244.65648538290864,0.3574120999448813,70.99383125175018,1,0,maliciosa
H0020,59.95421114875227,68.5917491592995,11.628183244845673,124.98085640349827,0,0,benigna
H0021,40.209693554613786,93.22278105998542,9.85213967987386,52.20844784066905,0,0,benigna
H0022,51.423956160879406,56.329194152417,9.600033856546526,189.90653355387838,1,0,benigna
H0023,76.4829568588506,47.08193314841248,8.995915886187074,81.53586339371554,0,0,benigna
H0024,33.87328509142277,37.331250740134564,9.478695480993526,144.60623624250235,0,0,benigna
H0025,194.16153788251682,80.46767603839834,1.334057584606663,32.585666836685576,1,0,maliciosa
H0026,35.23794022061455,95.51743706644288,13.592073342919987,51.83271965226226,0,1,benigna
H0027,59.10231752336574,123.38905131541227,8.005950881680485,136.32988657003804,1,0,benigna
H0028,265.1356487028529,87.39471562821086,2.0922717742904164,53.08741037980232,1,0,maliciosa
H0029,57.96260683080976,12.306124540282319,10.813994531828389,169.89837716576767,1,1,benigna
H0030,10.984461678109142,94.65098637635336,4.740978099598846,16.335224797201676,1,1,maliciosa
H0031,60.99025455320793,94.71829919787038,13.493690151761653,31.593781467667,0,0,benigna
H0032,615.9385740748912,150.68320301487978,1.8268388720481448,26.049915253501442,0,1,maliciosa
H0033,92.68870421125312,37.480481786148815,13.419345066985537,89.59811284124312,0,1,benigna
H0034,42.814527723945574,100.07698322359673,13.504573038068182,176.4417074156558,0,0,benigna
H0035,60.811656915617824,126.51706836862321,16.33436195583632,219.4334777791206,0,0,benigna
H0036,75.93387583041213,22.73477775547689,14.575640539795643,145.44904981698133,1,0,benigna
H0037,43.515156699194705,30.832166474572574,4.685856894383756,113.026352571486,1,0,benigna
H0038,225.8624892928306,402.6104868705369,0.0,30.200381166244863,1,1,maliciosa
H0039,38.39233522635889,88.38706568693449,14.437593091780288,90.9502294314714,0,0,benigna
H0040,63.499292372838696,30.38400085843724,11.356608303255005,62.17649497289958,0,0,benigna
H0041,421.6997430326647,206.5646416671595,3.087137095311957,18.219851000869717,1,1,maliciosa
H0042,76.34300481231888,31.827777930946063,9.937944549610817,100.93253161450272,0,0,benigna
H0043,24.647516421852334,61.96543248363172,13.806457051325888,183.06814257491493,0,0,benigna
H0044,125.40536361576372,177.4172478884252,23.0,9.612872151856827,1,0,maliciosa
H0045,390.9236084955004,378.38253970947704,1.1099884973786365,2.276607546377239,1,0,maliciosa
H0046,54.82754810125117,135.93767172596776,10.006992279619832,122.7747295621881,1,0,benigna
H0047,92.14303458352867,114.01597267749,2.002605453785255,13.829669980847932,0,1,maliciosa
H0048,5.719502933068021,64.21901570492561,11.615021244418003,33.61770838822143,0,0,benigna
H0049,38.025297152842846,128.48844510622177,17.496115038596425,240.01741931992908,1,0,benigna
H0050,649.5930630126437,241.21321983036088,23.0,44.982406027823565,1,1,maliciosa
H0051,78.78515939923508,36.95574053596526,10.035704105962527,53.54195251342628,1,0,benigna
H0052,51.72682229466699,34.90895414168982,13.004966447929839,96.78426197451687,0,0,benigna
H0053,52.948089585723515,79.02879426436263,5.454226197555945,134.60375755565587,1,0,benigna
H0054,59.84131136973471,66.70941369567768,15.67871777126313,87.57234192253247,1,1,benigna
H0055,64.98892357132955,67.8598540728944,14.205229808287783,75.34085664463053,0,0,benigna
H0056,96.30933578015035,92.58880916579793,8.478025781568679,123.01755391599914,0,0,benigna
H0057,797.9718404465301,146.15675703057158,22.66182207789838,42.97867315030664,0,0,maliciosa
H0058,51.531273477280926,103.86720873736542,14.48204251546603,99.50700389826515,0,0,benigna
H0059,28.025494673587197,3.346036890400505,13.03315934522977,179.11212785137525,0,0,benigna
H0060,61.76224902307138,100.07577490312774,23.0,3.508185931230038,1,1,maliciosa
H0061,26.16629706713378,100.43556760660093,12.285487257169024,27.820025062171453,0,0,benigna
H0062,70.16277222268039,49.08832194344655,5.711198367014182,45.22483112146484,0,1,benigna
H0063,219.43675537264335,7.593141178225153,3.9364995870536403,28.407467255001276,1,0,maliciosa
H0064,507.39924967365437,268.48435857083564,21.759725905405958,37.89720916506515,1,1,maliciosa
H0065,444.6971155574009,201.06359977334384,1.494504674632836,42.770698452696735,1,0,maliciosa
H0066,72.05406816126902,55.12677011029689,4.763994051254174,34.39338981411049,0,0,benigna
H0067,119.06403668394827,167.05551045963557,1.3704420036823262,9.367941720307027,1,1,maliciosa
H0068,477.1546273452706,66.9611802385908,3.813451687306703,16.248845163852586,1,0,maliciosa
H0069,289.50566088180153,119.69816093820928,23.0,13.400400932102805,1,1,maliciosa
H0070,77.74975201000592,182.93182993910494,1.8683930218988962,52.53979338100139,1,0,maliciosa
H0071,7.597892565066907,40.81810824153828,12.499835926981103,79.08215631490368,0,0,benigna
H0072,12.441874376865812,55.603480902019875,15.386082940019715,172.69834622704914,0,0,benigna
H0073,409.9078428866429,401.9157950778082,2.3202626743308743,25.306790266977988,0,1,maliciosa
H0074,47.46089164285894,466.51085229681195,3.5031854218669976,24.661622983088883,1,0,maliciosa
H0075,44.0307547344753,30.03067537361141,9.648337624566775,33.38330628454811,1,0,benigna
H0076,324.74035139214334,55.50686156754662,2.1181743537463706,31.61747183407513,1,0,maliciosa
H0077,27.80095008915145,95.62345161717064,14.238983232373592,93.2337247477568,0,0,benigna
H0078,71.93217141750043,37.203553713715294,12.352601655875366,132.50550252750233,0,0,benigna
H0079,20.567356048136503,52.614101134843054,13.501702848597176,167.404089123868,0,0,benigna
H0080,70.18282829428772,7.82851831322391,13.971006332144803,156.64290126208707,1,1,benigna
H0081,599.5496361359743,300.52342567808046,4.424014200983855,47.123495417395276,1,0,maliciosa
H0082,131.92243751604457,341.5492713519123,2.1235587420698128,51.04245097550126,1,0,maliciosa
H0083,60.01873713947372,87.58075127540495,18.08802517607025,84.07397171174135,0,0,benigna
H0084,173.97406244113654,444.5433037869733,20.969860728105203,32.23863027986932,1,1,maliciosa
H0085,197.69639930505878,173.10052084385794,3.010716495215016,5.630390967710593,1,1,maliciosa
H0086,40.14643965974493,54.76642179058858,7.464423533622078,111.68011249807752,0,0,benigna
H0087,44.72167725277227,48.33894765496906,15.540556885322518,137.404751763761,1,0,benigna
H0088,901.9542536095416,300.5451871339629,1.874672298226564,34.19769408623715,1,0,maliciosa
H0089,3.5972179327257123,101.04315625838836,11.444904150527599,18.5806726551359,1,0,benigna
H0090,368.18505350253815,99.32257260084131,0.23671103695654416,25.232030301180338,1,1,maliciosa
H0091,52.039484180742484,10.36647603580225,10.674528234817744,150.24099680393667,0,0,benigna
H0092,48.33397294337868,220.6115626904156,1.5324446118102921,45.28024841568784,1,0,maliciosa
H0093,69.8881478855682,20.493219162953764,13.277203918826746,110.5857923696872,0,0,benigna
H0094,70.22504092890392,65.91324086512833,13.25275994783824,192.24004102201351,1,0,benigna
H0095,205.62177289132322,333.4451872885141,3.495577221950174,9.53024905392786,1,1,maliciosa
H0096,501.2995246019083,160.10338228100682,3.5012701175909364,5.922492646706711,1,1,maliciosa
H0097,83.10344736608158,35.59247522090437,18.19199741474084,100.99492807637807,0,0,benigna
H0098,60.66720563644226,21.47460279409765,9.007322187085697,150.89290455837764,0,0,benigna
H0099,310.2250504923195,356.39505060044644,2.049874815111097,4.614200791937616,1,1,maliciosa
H0100,27.627016181969356,4.4711296491739105,11.646306416830178,62.575486888240555,0,0,benigna
H0101,42.05556516169168,119.07096943670778,13.956972944846687,32.18079300813623,0,0,benigna
H0102,60.27492420611649,80.55331171718389,11.010684538414669,104.45158556926164,0,0,benigna
H0103,62.883359751544816,70.7578600592367,13.762805472726443,177.0158836869648,0,0,benigna
H0104,61.60229898797235,53.229900204603915,9.910491950994047,85.31777127243194,1,0,benigna
H0105,19.29791397843297,134.76127665035352,4.739517055355781,29.071588995015446,0,0,benigna
H0106,472.4135421882671,82.80243144021182,22.520111004776812,16.68932480828034,1,0,maliciosa
H0107,74.08389554327732,41.861329015317075,13.95422478384572,72.34636083910326,0,0,benigna
H0108,45.79026296738315,28.120055638310205,14.476500378599543,16.614891367544885,0,0,benigna
H0109,211.70726902831447,59.50939799153397,4.391945597218564,13.718478052134865,0,1,maliciosa
H0110,16.831164215327938,23.26096625166555,11.851759447803591,156.65316398062782,1,0,benigna
H0111,29.59086773127975,56.048618093435415,3.8864510407644843,42.248774047710015,1,0,benigna
H0112,236.5462219808026,372.8558625868352,4.068417518497613,50.37809017437138,1,1,maliciosa
H0113,5.2228544057700645,78.059065272823,14.176731405671376,117.04083524739104,1,0,benigna
H0114,495.42537299277404,483.6972439595239,2.382731977635266,24.698620391114332,1,1,maliciosa
H0115,90.51145708716587,12.873843111956333,15.687599093896306,21.346591984415085,0,0,benigna
H0116,53.30657398068768,96.87384052894117,3.9392127280493963,43.527246019161666,0,0,benigna
H0117,248.37386169683825,228.6237156502384,3.2333818460709542,55.63518943620316,1,1,maliciosa
H0118,139.06364573441735,207.6515858995202,0.8313966822867648,19.429511162999837,1,1,maliciosa
H0119,60.773803976258506,63.28001472119379,19.341381401836543,156.3611316496094,0,0,benigna
H0120,70.70873482076902,84.53212513520722,8.152134641084496,119.94657973951944,1,0,benigna
H0121,38.29721743623509,51.9705904386987,13.893454494478902,103.93797880406947,0,0,benigna
H0122,26.0510268445987,136.67183308764908,13.795194272394404,39.670777569729225,0,0,benigna
H0123,47.817165052609646,75.42729697615141,12.124278832664103,19.279642814776267,0,0,benigna
H0124,50.44370818004817,65.34797723892336,15.381834943098664,41.504626609054164,0,0,benigna
H0125,338.68667664558177,553.920880763266,1.7332264046200327,59.72539918085994,1,1,maliciosa
H0126,31.55245703010911,94.34752344654892,9.869116200006696,182.53559733682297,0,0,benigna
H0127,39.23152986418665,29.583190109544276,9.97221200446573,91.43753331992764,1,0,benigna
H0128,28.533086323766394,147.41828590621316,7.593128217042353,188.9175135488273,1,0,benigna
H0129,66.9108599135819,88.60660905867337,9.103535162293106,18.574185979895006,0,0,benigna
H0130,487.1093772829057,320.90610880492966,2.914287919492098,20.561849226896413,1,1,maliciosa
H0131,395.8017682530067,293.49880080295134,21.25432058827563,16.907042311419485,1,1,maliciosa
H0132,613.6515047378846,154.02156968008887,2.7130204266854654,52.91390934697601,1,0,maliciosa
H0133,39.7669593966171,30.701861030214673,7.0081639812698615,77.02267302746225,1,0,benigna
H0134,51.20787769105802,88.84815856219194,11.756014454974208,28.181472142391286,0,0,benigna
H0135,269.34538569483095,49.84821540484435,2.224857546470131,22.816346774246618,1,1,maliciosa
H0136,11.078453862648004,81.83128929386243,12.247775964364848,259.10309535223587,1,0,benigna
H0137,415.39579529639815,423.6386687476232,2.43648525819178,61.99025108521354,1,1,maliciosa
H0138,41.55527815035226,31.57806721884031,13.36036638076591,140.30909125184573,1,0,benigna
H0139,221.29929162844667,247.9083073404504,3.939761757410637,51.82563117711149,1,1,maliciosa
H0140,72.0545531414016,85.80586267552319,7.696228321546984,193.44213874895752,0,0,benigna
H0141,439.5382193434988,18.41717251464945,0.9934906961030692,46.13127497940003,1,0,maliciosa
H0142,50.761728541119844,75.92012007891272,11.92037516313248,65.62428675426331,1,0,benigna
H0143,357.867621256117,14.733005069585431,22.156436395261245,39.54165762924551,1,1,maliciosa
H0144,408.6398153566643,66.87354673766376,1.5766282767431625,20.481217429540912,1,1,maliciosa
H0145,37.36838041892386,27.79101144362253,15.50219321259864,55.223777824335194,0,0,benigna
H0146,54.51053064216774,31.87040676583556,11.881962370474392,48.054216171694435,1,0,benigna
H0147,16.740828547835456,81.45163732467512,15.586053079171618,103.45690720374095,0,0,benigna
H0148,6.64019815009258,44.47952798794284,18.440074021475127,22.42873856985345,0,0,benigna
H0149,642.193102311591,299.0085032056651,0.0,31.445072899356017,0,0,maliciosa
H0150,100.28305896712612,284.7915303772377,23.0,19.379648477698474,1,1,maliciosa
H0151,54.093355493435915,66.7969788627781,9.98944069902602,10.988355842188213,0,0,benigna
H0152,404.29725651987025,96.16661709020127,0.34022283760348704,22.392707126449505,1,1,maliciosa
H0153,32.53020803678443,91.80789375739838,13.261988275303015,135.24066648697044,1,0,benigna
H0154,107.27954222552546,378.3109522762901,3.9174662512909815,58.316691219859344,1,1,maliciosa
H0155,76.09083408277468,31.199451002231086,11.719182659653953,146.13632272543018,0,0,benigna
H0156,59.732113979816916,162.5212658136602,22.75950678505229,21.037148882792074,1,1,maliciosa
H0157,294.9254771764537,73.0952425808727,3.736379528117043,10.557653936322097,1,0,maliciosa
H0158,25.72202748780036,42.84781788167268,12.592264420684565,202.2436430285688,1,0,benigna
H0159,22.210372882427805,45.98897455481828,11.510537384523566,31.375194681274095,0,0,benigna
H0160,110.15425800642888,43.924816147603394,1.9255910827967224,37.23447256590948,1,1,maliciosa
H0161,78.6532578930081,119.12816549096054,10.868080585662318,79.77655728293662,0,0,benigna
H0162,465.39486859994753,72.8643439493793,22.842574927433624,16.07461434173794,1,1,maliciosa
H0163,236.0348410541983,17.058923211879176,0.7329996039907526,40.76956876400608,1,1,maliciosa
H0164,122.25986185635702,279.6992193954877,2.698133922096083,53.481666830835124,1,1,maliciosa
H0165,99.36525856411197,72.3511989273339,8.835208275460763,75.68173140342664,0,0,benigna
H0166,278.21678525449465,202.64186260765587,0.43091839562363554,22.446571109233663,1,0,maliciosa
H0167,83.88826708757244,107.1162390782361,16.15205297354315,92.59633989933275,0,0,benigna
H0168,56.81086786917277,43.40389421503809,8.923507940755137,141.3342074448563,0,0,benigna
H0169,26.703539558432222,55.317911449240114,9.638022794330226,183.36304428400473,0,0,benigna
H0170,197.81900208081606,225.9618475847613,3.6023825231308844,8.834043115192003,0,0,maliciosa
H0171,101.77060631438712,5.460579098155911,17.835307069935517,33.47871072857004,0,0,benigna
H0172,37.03522811477638,103.97661119586203,16.988502847770803,72.52670616838184,0,0,benigna
H0173,9.854019474023211,51.346682720624834,10.189465602708339,120.09147870373955,0,0,benigna
H0174,40.496156093895195,160.94662215607855,23.0,26.94952966384781,0,1,maliciosa
H0175,41.559107390394715,15.379602040336238,14.625497693137191,158.1842976504379,1,0,benigna
H0176,654.0889764835506,219.51749782710007,0.382923442976393,10.212146421343892,1,1,maliciosa
H0177,98.39438650590385,80.58022096203972,12.400462801747185,19.143658008677306,1,0,benigna
H0178,62.99337469706329,77.36605646694117,14.912278575244233,105.13743042089999,0,0,benigna
H0179,36.544710295437575,104.51809421949895,12.515339986448037,108.19080179072523,1,0,benigna
H0180,33.45134254065076,166.17248491161013,9.340033166846142,127.14772457686574,1,0,benigna
H0181,65.95360652763003,11.95993284744911,8.260935557012868,88.86991896455746,0,0,benigna
H0182,66.48191528194019,89.39315091420511,10.509788221171991,145.79027663368538,0,0,benigna
H0183,53.83457828399975,36.79853122613662,9.95443211799275,29.6906074527204,0,0,benigna
H0184,64.22208245491174,101.8387056980821,16.621154636925382,178.2196302222125,1,0,benigna
H0185,540.2668599575583,119.84141368659618,5.4889888722253035,29.06804495577801,1,1,maliciosa
H0186,392.5035864221976,265.29838122581685,1.084363768910524,16.114238961151038,0,1,maliciosa
H0187,67.92912925195591,98.74624769856459,8.995307674485774,113.7421269022929,0,0,benigna
H0188,36.592009673063146,73.29086664569986,7.649735483115338,176.26393404903058,0,0,benigna
H0189,338.4611107775074,740.3808664959341,22.78434594733141,22.383329209219156,1,1,maliciosa
H0190,63.29768183808814,123.09585096925063,7.198327990261582,133.32848163009012,0,0,benigna
H0191,177.61640396981426,152.55117895673598,2.976953818945584,37.52351626586422,1,1,maliciosa
H0192,21.35600973237446,57.56005885080321,11.281490582616732,42.27286958390821,1,0,benigna
H0193,267.03238408553966,142.25032786530957,2.5676650577889104,22.157635746297746,1,1,maliciosa
H0194,183.69859470709943,238.32982331509064,5.312331805572929,76.72534442854217,1,1,maliciosa
H0195,647.8890597482305,173.8926319783814,2.0015145622290227,39.48860297643827,1,0,maliciosa
H0196,113.61436934848385,145.26420192885377,23.0,30.173068277866285,1,0,maliciosa
H0197,3.958157389484974,78.73572091377979,8.003973900068681,124.33092315860252,1,0,benigna
H0198,46.82255717847302,59.084285165236714,12.214409187837871,73.39807840106509,0,0,benigna
H0199,85.93398774088774,4.57468765182368,16.957423916666066,64.87004859903355,1,0,benigna
H0200,83.90832666954788,62.25731383561828,5.411251352298823,86.5211778799506,1,0,benigna
H0201,0.5029577149001909,86.67853123975665,13.875707834086608,11.887923310658081,1,1,benigna
H0202,99.89617063099946,60.602311883715544,14.143294773417445,86.23278706778181,1,0,benigna
H0203,29.948650599606744,90.24098874582333,13.661997952261805,92.83740920876036,1,0,benigna
H0204,33.23594700271678,90.89990709618813,11.889825597971779,226.79818653965202,1,0,benigna
H0205,76.94891927510841,125.7643634518081,14.216092596364998,37.43634626710716,1,0,benigna
H0206,405.38434775605606,332.2458539659477,23.0,47.64697013280248,1,0,maliciosa
H0207,45.681415334639176,14.273631668365525,13.59290781821658,134.328916266097,0,0,benigna
H0208,46.91910220707802,93.6047289192663,13.618298457412347,131.56530507019326,0,1,benigna
H0209,13.772396518576272,115.7304141415861,15.282524404560862,13.935592855014619,1,0,benigna
H0210,87.2385394287491,31.248900261431945,12.720275674641394,87.01687493854826,0,0,benigna
H0211,61.84765030182767,21.880034560389703,9.586442800155742,142.58395606628005,0,0,benigna
H0212,27.908768265303483,53.212004426957385,13.290605792800704,109.75225654584263,1,0,benigna
H0213,40.03395033865917,16.001901856602473,1.2183162664028067,57.223665466869186,1,0,maliciosa
H0214,884.6658727057833,128.3782719300903,23.0,23.552884123929932,1,0,maliciosa
H0215,2.8567203911100023,68.36577095231137,15.58358664934245,6.720563049283797,0,0,benigna
H0216,3.8263577495912386,329.1314237927365,4.541912173744402,43.29477036857379,1,1,maliciosa
H0217,14.281427718680561,4.992183760148478,11.522683349786117,38.764611276612506,0,0,benigna
H0218,744.442891454593,224.96759462368595,0.46217452581016705,12.674416315888518,0,1,maliciosa
H0219,20.661609182020484,4.887935812847417,9.810947744864173,84.99590478736692,0,0,benigna
H0220,144.52010628210195,373.8428420897327,1.3622826441488622,35.93576475210488,0,1,maliciosa
H0221,379.7537850899274,351.6528730272528,1.0879913438068418,54.88743024333523,0,1,maliciosa
H0222,749.0556838196906,303.0854022157402,23.0,49.814010106935356,1,1,maliciosa
H0223,44.81489670400166,54.485484794052766,8.062624670353202,118.87393229638288,0,0,benigna
H0224,53.116341490395094,75.79732941320115,11.384243980117432,127.11291475066295,0,0,benigna
H0225,19.13007099339115,52.57570948753225,7.548050241267232,18.09499009270769,0,0,benigna
H0226,5.065050288823748,54.02720924170361,10.9728030485404,155.24025532523405,1,0,benigna
H0227,33.80117874735139,131.66983967405855,11.070438214145192,95.83577740702853,0,0,benigna
H0228,210.9681687901027,176.22583431016724,2.372328163422141,12.565469603866388,1,0,maliciosa
H0229,36.91759603469964,88.30815114633981,9.464198682309458,15.955907170025128,0,0,benigna
H0230,258.8141950355749,269.8780604853756,23.0,37.83547384404717,1,0,maliciosa
H0231,613.1037629123568,277.2050393658612,2.0424505017233825,46.20964958762293,1,1,maliciosa
H0232,433.7486681447732,95.73777535888091,3.217628030712583,21.628719105965494,1,1,maliciosa
H0233,8.279827462189715,139.1746230186613,15.80827393547813,98.64014286156466,0,0,benigna
H0234,18.500009213202404,99.51216440025749,15.817110693843983,7.396434162842652,0,0,benigna
H0235,70.65645893122048,109.74625710108418,12.376992520021044,69.64725483749672,1,0,benigna
H0236,43.75089080912278,341.4676988391658,4.327436355564621,44.42292307707294,1,1,maliciosa
H0237,94.28553605965035,491.95216534086967,5.001696787307368,13.48297005202923,1,1,maliciosa
H0238,709.4032060074767,49.571682593372174,1.445506319299432,52.07288807165646,1,1,maliciosa
H0239,738.6633563096057,179.8293737599952,3.0046001922158485,3.8025820977713316,0,1,maliciosa
H0240,41.471562160078065,16.38137061610395,16.526211799564493,142.93480139999627,0,0,benigna
H0241,624.7409521161751,314.179174709323,0.7981903875605088,19.07552329888309,1,0,maliciosa
H0242,453.74102881240543,132.809227394577,21.533514513997797,26.36586153624173,1,1,maliciosa
H0243,13.05497426679294,98.49407691444188,5.752799115509854,50.59959671510884,0,0,benigna
H0244,45.03122596914261,67.31907508035667,12.733733063601662,39.24342770808869,0,0,benigna
H0245,37.66808758860388,68.38610426342726,5.947411406239988,46.499543929108974,0,1,benigna
H0246,13.864304925431043,31.40210321115062,11.805649132971155,95.1944258087386,0,0,benigna
H0247,34.337502478094876,96.85420677211832,10.17253422831201,46.23864115223054,0,0,benigna
H0248,35.31215486215625,54.54460486474776,11.99253219947545,68.6000873067911,1,1,benigna
H0249,218.34146359806482,135.4949171375872,21.999954039615634,33.616550565803,1,1,maliciosa
H0250,89.69657028379561,454.0791616043385,1.941258161967836,27.6954889350145,1,0,maliciosa
H0251,4.5381976563578235,26.055825367399777,10.856065923572604,137.4478186265925,0,0,benigna
H0252,27.051483579506986,9.041044900480834,14.050089284177108,164.03264875262943,0,0,benigna
H0253,15.210169419500634,101.28917017167562,5.933296290655891,133.54411235770323,0,0,benigna
H0254,72.47895138612606,131.145226060426,4.385582370120721,21.238075995285335,1,1,maliciosa
H0255,132.6948903771118,218.20493365271005,2.6861528736656757,33.22286376973591,1,1,maliciosa
H0256,8.040005120567777,10.357578229429684,11.826374150108787,13.023842673510472,0,0,benigna
H0257,24.58805682052155,89.592647510372,12.623653466438366,152.63702440367456,0,0,benigna
H0258,365.47752529089513,268.4107313577391,22.94716452747726,37.50410573813067,1,1,maliciosa
H0259,288.67282506046894,29.24673513780732,5.883722359338149,26.905309374060757,0,0,maliciosa
H0260,30.821537177818485,38.341803377735076,16.204202598547848,83.55457158354265,1,0,benigna
H0261,713.3754563480636,205.96839104205307,21.391738895118817,14.812357146099124,1,1,maliciosa
H0262,384.95229871388403,404.55805228582904,2.0863388127284415,17.88625845372432,0,1,maliciosa
H0263,477.49277692770596,108.92729861387797,4.317888573465772,4.655170061137543,1,1,maliciosa
H0264,23.492565018888357,80.78198069032028,9.511372701558045,5.776901067712444,0,0,benigna
H0265,17.896703083016565,90.54361105293474,10.523834488443196,155.60068548214218,0,0,benigna
H0266,418.8419518715865,203.7016186293513,1.047300807874213,29.807532366669495,1,0,maliciosa
H0267,449.45672127585175,271.52994312328696,3.537860388277224,58.75609880658832,1,1,maliciosa
H0268,27.393384847417263,116.9637347195691,12.832026108100843,181.47323037290187,0,1,benigna
H0269,582.4719198187823,51.99181212163592,2.588402557552766,11.75515391273975,1,1,maliciosa
H0270,16.145716239556016,15.204763659522982,9.878446507632162,53.633509016320176,1,0,benigna
H0271,77.00197499389668,147.56063587825156,0.957094028918362,19.9837199698658,0,0,maliciosa
H0272,340.8951019407168,339.4459191858847,1.3771086985095633,46.04788194462298,1,0,maliciosa
H0273,249.71170972932455,232.6564463669174,3.2813677419984164,11.114384930217893,1,1,maliciosa
H0274,44.75995680512592,51.03294299306644,16.179686663687892,93.74758985274492,0,0,benigna
H0275,232.16579959099656,39.64982887861461,3.2016263615853546,31.35434750876194,1,1,maliciosa
H0276,78.42921678170859,58.33099383436532,13.569967879164667,146.494813114825,1,0,benigna
H0277,73.33456432937774,87.72030430307179,6.457628658764397,55.807365657961874,1,0,benigna
H0278,220.93599638933046,355.5272677164195,0.0,29.665438611917764,1,0,maliciosa
H0279,19.05457389073481,116.35398108114745,14.475884832087129,127.44239938779312,1,0,benigna
H0280,307.9956514556832,36.37234204478517,4.58577793764338,5.183935149921751,1,0,maliciosa
H0281,58.54563488302868,73.69092488229353,8.601315148371796,96.17318649642503,0,0,benigna
H0282,23.959963557204677,70.08676683908986,14.504626914651622,107.92411684078517,0,0,benigna
H0283,14.747669134873952,27.079133731111327,9.927684634114524,129.32646104530414,0,0,benigna
H0284,77.80183795171038,40.27931613625806,10.395986104250387,148.7560681150029,0,0,benigna
H0285,412.8742336428053,147.60461602144505,21.54813235666123,67.70187411037608,0,1,maliciosa
H0286,374.0894686978594,237.0015533634481,23.0,38.34115146160228,1,0,maliciosa
H0287,34.845823794509435,108.82006272553512,14.256314467317994,139.02004302923925,1,0,benigna
H0288,88.15352303805022,515.8076119099455,3.615464137800096,12.115943598110258,1,1,maliciosa
H0289,60.39684963311464,22.998646443748356,8.509234148812922,71.77449358151283,1,0,benigna
H0290,87.60834898645277,398.39993184711346,1.8626781568821036,25.21072345407802,1,0,maliciosa
H0291,63.94223286062885,40.188743926018766,10.629007735473891,127.05952264521346,0,0,benigna
H0292,232.360678989475,272.16143591373634,23.0,47.36120457332285,1,1,maliciosa
H0293,0.061826818393541316,92.55753007723033,9.861886905192007,90.86365956357491,0,0,benigna
H0294,48.92331973887973,58.97957980564549,9.122383982334696,121.82210893216597,0,0,benigna
H0295,42.42813336972426,46.56502821193864,11.96899144241274,19.67246699120699,0,0,benigna
H0296,39.32541078739939,75.77540829560166,11.557183077229492,59.88045320303439,0,0,benigna
H0297,49.929831158352926,26.892333893048104,9.131042042041594,194.2062706637466,0,0,benigna
H0298,352.9510530422175,177.40823369187666,22.91193955045257,70.73635149746752,1,0,maliciosa
H0299,28.946567063931788,118.21695614704836,12.630098916460087,93.9860017158618,1,0,benigna
H0300,86.1432601338968,107.48081020684623,12.887062043000578,166.3981143089623,1,0,benigna
H0301,564.9873233175992,331.6794639467249,23.0,12.859475618005055,1,1,maliciosa
H0302,16.219728320377577,20.63147432912178,9.968401976438685,224.20981417183543,0,0,benigna
H0303,4.9179318381960115,292.876802014906,4.51973955920408,21.27480509300018,1,1,maliciosa
H0304,91.63660285340617,64.36990337873647,12.294830126712545,15.510421547815412,0,0,benigna
H0305,211.9753121464242,112.89051938658949,1.1806679957114306,4.69822709139865,1,1,maliciosa
H0306,466.36223130298595,478.75645814810264,3.5805622413394045,24.3109109072181,0,1,maliciosa
H0307,46.284018940452974,50.10649544324466,17.0512044024838,106.52057306800472,0,0,benigna
H0308,83.1373096013262,33.04939626997385,10.953632373655479,141.43697627793142,0,0,benigna
H0309,32.2843543258125,238.57442088058792,4.142408669151368,10.68300705865726,1,1,maliciosa
H0310,39.376242769795745,18.69405351551285,10.734722373489353,24.87632055472109,0,0,benigna
H0311,276.9683217558813,256.0703189929721,2.8727372142771292,30.882458859314404,0,0,maliciosa
H0312,327.17420125799157,216.82744508921743,1.8760480698476412,55.35679446210227,0,1,maliciosa
H0313,77.80607915876911,8.350812237246892,7.999446991857257,104.98717721287689,1,0,benigna
H0314,184.19872343596083,150.4655004891555,0.8924275760108751,29.223001665411907,1,0,maliciosa
H0315,45.7483072922808,78.77515703300021,12.690862345694578,47.80282925727809,0,1,benigna
H0316,488.2641562987459,182.01906531702974,2.1056438219932105,12.558993213655848,0,1,maliciosa
H0317,39.204100258307264,14.335212097625813,15.183780536891001,66.48750962971381,0,1,benigna
H0318,314.12547851221217,186.9403441370542,2.2099774389370497,15.768806042804972,0,1,maliciosa
H0319,22.75573419120873,130.6346575234834,13.022035463396602,132.4043883834726,0,0,benigna
H0320,47.27780840146942,45.19043031143994,10.707059734596765,77.09756904422439,0,0,benigna
H0321,20.399784971312133,79.59864873569579,9.854527249225615,142.77254446527093,1,0,benigna
H0322,75.47053694859723,4.310451402033777,11.678440968594494,68.6647483987992,0,0,benigna
H0323,2.0150876504235953,57.4943469679028,18.152126649676273,71.04874945227262,0,0,benigna
H0324,160.39112679722834,328.5204810192492,1.7705064228163159,25.4200895184625,0,0,maliciosa
H0325,250.79778432413332,138.63890929106884,20.64532495860423,43.514803226484204,1,1,maliciosa
H0326,371.57873554540384,364.9130137190888,3.159324181004618,68.7363055370339,0,1,maliciosa
H0327,69.56338926641871,38.85430881171721,9.059157146821729,136.72430157887936,1,1,benigna
H0328,437.6332232526212,210.67376797256622,2.4243239810858963,19.43795375171737,1,1,maliciosa
H0329,100.2666579607108,217.48813390895262,4.283103614662762,51.15385439796774,1,1,maliciosa
H0330,469.83065816952535,333.38910824075333,2.6977309216662637,29.632846786156282,1,1,maliciosa
H0331,131.9351755218115,335.2915145978738,22.818738645013884,5.039395537179907,1,1,maliciosa
H0332,49.61034171475253,21.75607748994082,7.81766585629383,120.55010967509321,0,0,benigna
H0333,6.5897664270822816,113.55125872288154,0.9397378868208597,2.8145950785389964,1,1,maliciosa
H0334,73.21010196549776,34.360131802715756,11.537794062942892,31.420227067205985,0,0,benigna
H0335,310.7540145397236,279.1403958139813,0.9423308078925733,21.130422889492507,1,1,maliciosa
H0336,85.42686418732714,29.71699445308755,14.268081228398485,139.15545171069556,0,0,benigna
H0337,112.78654640554676,86.94949359547023,16.355357919920497,163.81592950528187,0,0,benigna
H0338,6.182182041922232,46.31252123262557,9.99542928442867,245.79177572773148,0,0,benigna
H0339,5.535005356904243,36.88367274673615,13.289180071860427,52.040036124655835,0,0,benigna
H0340,43.96331644239383,30.772180999373532,7.3135742044747065,177.77167569470245,1,0,benigna
H0341,188.83876652392087,235.90836889389672,1.6175713667614013,43.54524429931254,0,1,maliciosa
H0342,483.6797123806738,261.86154725014956,1.2675137385513018,19.438537668715178,1,1,maliciosa
H0343,319.9630309200852,297.8363252015263,2.9127572836608904,28.13417978726737,0,1,maliciosa
H0344,104.92514627933426,468.67059032703906,4.187243022636184,25.703090018477916,1,1,maliciosa
H0345,289.26073677236377,375.3804695345615,0.8707051986958146,30.087841529160187,1,1,maliciosa
H0346,72.70257115641674,78.34504053288902,10.829259667471337,71.41565223023034,0,0,benigna
H0347,65.28396940913439,173.7331638423975,3.383465878968162,31.118478219374115,1,0,maliciosa
H0348,77.15612650195392,92.1543168072142,15.965596455130026,198.6734299087063,0,0,benigna
H0349,50.30982037897921,65.13287139779277,11.416322463477576,96.17635469224166,0,0,benigna
H0350,565.7337659224129,16.689324036968713,22.10676503919547,21.48076371406907,1,1,maliciosa
H0351,5.868839434544249,72.22759679574465,10.175322686657513,135.8440397036888,1,0,benigna
H0352,12.210695449564959,67.83635905087687,11.402469220569394,74.9431686550922,0,0,benigna
H0353,451.478111354921,155.429985657781,4.672781851436916,4.685392803068588,0,0,maliciosa
H0354,435.7336440938904,290.02489786379067,2.077802503809334,17.090835955669064,1,1,maliciosa
H0355,359.291674334134,476.3828756831764,2.288522134927947,3.929874769365579,1,0,maliciosa
H0356,248.40264657534132,137.35769468697998,4.310503142223471,2.5667788368728885,1,0,maliciosa
H0357,7.545158163189129,81.50822417963909,10.858687815489839,99.54503517726447,1,0,benigna
H0358,677.563212899387,288.880833066546,2.5236753141876718,2.0305488037648836,1,1,maliciosa
H0359,19.590813736511997,44.35519717482097,7.489228377716778,68.62467582749896,0,0,benigna
H0360,25.558324175041264,238.20598748093295,0.0,53.50824929625883,1,0,maliciosa
H0361,39.47130209848537,100.3576941368382,18.593649188010893,162.85574530340787,1,0,benigna
H0362,67.4450483087015,90.21633808020259,11.090055917425278,77.34360437657969,0,1,benigna
H0363,32.25116452784565,17.858784509571663,10.272350702058349,172.34193441043988,1,0,benigna
H0364,120.64963779772856,69.5037655849348,23.0,51.810666071614094,1,1,maliciosa
H0365,18.075851415855606,95.03003551302142,10.878077038544355,165.03440913599525,0,0,benigna
H0366,922.3361547803459,164.86823377014542,4.163976667698071,4.238784151353599,1,0,maliciosa
H0367,457.76191996382533,420.32813992732923,22.289134702676943,2.363589241679687,1,0,maliciosa
H0368,47.05425364342105,13.693669577843757,16.89883139369856,174.45394315538715,1,1,benigna
H0369,40.702835118295674,35.14765903576888,12.0671350556116,148.76556775490963,1,0,benigna
H0370,59.25797004524547,97.13533410539506,14.047322232197917,17.62610140928443,1,0,benigna
H0371,25.92883758873184,116.68541812295285,11.215348141132946,104.42838928289986,0,0,benigna
H0372,417.9598623155543,73.58282673216652,3.1889952230713106,56.12523366921767,1,1,maliciosa
H0373,323.0893185974106,217.955859515776,0.0,2.1688964442015184,1,0,maliciosa
H0374,125.64908242151989,118.83725409034768,23.0,42.76059150199363,1,0,maliciosa
H0375,62.15356931548949,39.18870095579756,9.423294793324118,146.7694652854841,0,1,benigna
H0376,1018.9251266516961,367.8738046444817,1.0323903911436534,22.74198877096918,1,0,maliciosa
H0377,52.29310455201688,70.80090683304267,15.418440366743907,228.30127925667648,0,0,benigna
H0378,26.518155590421436,81.27517662629162,14.6788647706017,112.9660938737731,1,0,benigna
H0379,22.345546451524182,106.50745146364589,10.578382874161512,18.586687777554985,0,0,benigna
H0380,66.17362958683515,65.65946735071128,8.959525805736126,75.90018891452445,0,0,benigna
H0381,8.016631039007962,67.95077473926051,19.683058337814543,73.30971209435441,0,0,benigna
H0382,48.828006341396524,24.123586074190555,7.51291602371373,63.879415392515185,0,0,benigna
H0383,707.9511011505617,406.38218212444247,20.202664296094255,27.105331917356217,1,1,maliciosa
H0384,21.978334290755015,122.11512370651093,23.0,16.536373309120258,1,1,maliciosa
H0385,70.28781706620332,35.568651139349086,13.51752062189302,153.5317939169115,1,0,benigna
H0386,31.334497349300094,98.64492672163146,12.159624898756611,127.1895461574538,1,0,benigna
H0387,36.63961199186712,82.85230408820254,11.42241891963566,46.582843868391365,0,0,benigna
H0388,85.00117595426157,106.19622155328582,13.801937990554624,29.606475285681938,0,0,benigna
H0389,16.80070832016608,69.89377107747619,9.62409729536585,31.92580274174321,0,0,benigna
H0390,220.2519303195126,227.49791818177513,0.23542818972391788,56.666984481108926,1,1,maliciosa
H0391,165.0785607401792,360.847123629904,0.19001094399617124,12.255506437279827,1,1,maliciosa
H0392,21.507554360262716,50.171593959504634,9.549619939894045,51.2920691210322,0,0,benigna
H0393,10.07156602935131,79.12184789325354,6.180098433386064,14.83570593104723,1,0,benigna
H0394,24.795973197706388,37.94796828557931,14.156387588980062,17.981939844988872,0,0,benigna
H0395,43.19031093627803,15.670562299872401,10.74434659857489,103.21260403261928,1,0,benigna
H0396,2.380773567971623,31.42406757161197,9.69856657101947,52.604629657374716,0,1,benigna
H0397,140.24061134572722,155.27681155918415,21.949204317977102,37.22542113021548,1,0,maliciosa
H0398,57.628344782148375,44.45069610323569,10.059691229113222,92.92114053490883,0,0,benigna
H0399,37.950717281287424,142.1238704263293,13.448795185367958,54.2110455040681,0,0,benigna
H0400,456.16806334594946,267.6739283558825,2.2381877853527525,50.49001026127837,1,0,maliciosa
H0401,665.8379099958863,232.22576318158767,5.659244387929584,25.629149621597236,1,0,maliciosa
H0402,94.56725083987207,75.92685444055435,15.124331113148425,84.5429032927693,1,0,benigna
H0403,61.92279513223986,72.9635445363212,20.995422047807512,102.33564245086909,1,0,benigna
H0404,54.17335306511176,91.76086055397573,13.23317149653829,66.08220862326243,1,0,benigna
H0405,42.17703793304184,77.2733159689744,13.103472402722364,163.99271409840517,0,0,benigna
H0406,43.43630950759909,47.70437333597576,12.739471933994603,166.925241677085,0,0,benigna
H0407,342.49743826069874,286.2600191231104,0.0,23.437950077316856,1,1,maliciosa
H0408,28.198461920333745,93.9111473644702,12.102383032134394,72.57588836752723,1,1,benigna
H0409,133.2544047985097,78.42560265852512,4.21128382696295,34.860039228867024,1,0,maliciosa
H0410,235.3597555326436,269.788811076614,4.576478687299194,17.692984642905806,0,0,maliciosa
H0411,318.8964827286639,449.49358491114754,23.0,7.333549875250579,1,0,maliciosa
H0412,29.755241989598574,294.31748965178656,22.909034205319333,17.870584998781872,1,1,maliciosa
H0413,50.07093194736213,54.61858338293494,13.056618611793242,55.94262040385344,1,0,benigna
H0414,67.13057019330972,51.21033588838699,11.478359103412435,22.924609075091695,0,0,benigna
H0415,29.462597237251885,80.33328557827937,9.129170255987873,155.03053898850732,0,0,benigna
H0416,27.662888834331657,30.016943189038052,12.8514837851287,261.93127037018075,1,0,benigna
H0417,74.56150707905543,119.45189621153182,10.032817468297061,166.36795341768322,0,0,benigna
H0418,63.53546437275054,92.6166789665726,13.605674171910097,54.90517514963003,0,0,benigna
H0419,26.210151862357627,111.15436868535835,15.042948276799363,98.98386043967245,1,0,benigna
H0420,81.96465868857487,31.0540437938941,6.303912147363222,53.14218671609624,0,0,benigna
H0421,74.09489006566274,47.17022432636301,14.470188960325405,96.57881664062783,0,0,benigna
H0422,772.8225404203754,216.6322597510246,2.0830473835895487,4.178027460114357,1,1,maliciosa
H0423,72.599422430386,35.85096563280393,9.226941974568359,71.59825309638053,0,0,benigna
H0424,76.5784533200717,86.78105646412695,12.458068872076147,70.20124559769707,0,1,benigna
H0425,35.47926056431175,143.1421000652743,18.48647048085158,49.91804682934668,0,0,benigna
H0426,9.170244357903641,64.28728084302,11.368290672628518,19.949652304849636,1,0,benigna
H0427,24.949573326544648,37.01411694068663,7.593559488947951,92.10252193124407,0,0,benigna
H0428,187.30453833740995,249.15071100085328,0.9250582878466902,21.46676165182378,1,0,maliciosa
H0429,503.7490867523734,299.22785347950196,23.0,40.8879705333039,1,1,maliciosa
H0430,348.4220760199316,264.7871414876485,3.2928042244089832,15.083521924015756,1,0,maliciosa
H0431,456.728314513173,308.5818854067219,22.095066149319393,43.38178970270509,1,1,maliciosa
H0432,18.78477047828439,65.75172016636265,11.261955406163944,131.76834955652717,1,0,benigna
H0433,494.92981418910074,97.7069124618612,1.4418873896093993,31.50645432164867,0,1,maliciosa
H0434,90.17092239326348,21.988312698344288,10.003109905586427,201.4827189862129,0,0,benigna
H0435,356.47403714532595,248.5149685956966,1.0209156743756176,19.13099950399902,1,1,maliciosa
H0436,333.1340939543868,62.962189711823214,1.5994774654357498,37.99977456192487,1,1,maliciosa
H0437,59.272511522352374,144.42446757255357,23.0,54.681090586846366,1,1,maliciosa
H0438,197.0567072320282,206.03461567572978,23.0,5.921585174448911,0,1,maliciosa
H0439,57.067000243832396,17.865521897874345,18.895814135777282,95.45599019173065,0,0,benigna
H0440,15.684369251294918,34.44169036287127,9.008215800654831,125.4026247995898,0,0,benigna
H0441,6.357040857942785,72.31979055049304,15.660049302087176,110.20926760073722,0,0,benigna
H0442,438.1192361618984,226.09400129084852,22.287741503003886,18.282134317088477,0,1,maliciosa
H0443,134.1442999171773,124.06197281703717,10.97556620353292,44.74445083969066,1,0,benigna
H0444,15.741852225690273,104.38682252040395,16.2136249669139,110.90316578169409,1,0,benigna
H0445,733.4215139803139,274.33234605439145,2.179324896854083,27.149233717539282,1,0,maliciosa
H0446,15.30738747066738,65.15597022574539,14.643432775600642,96.3596525221948,0,0,benigna
H0447,67.09793530658479,35.48643201343668,13.528566613771353,130.1509280823984,1,0,benigna
H0448,563.4674347862071,181.58846196360457,3.0651697194711627,2.983158719632211,1,0,maliciosa
H0449,127.52928394828598,331.6855530614586,2.995770203928032,2.2708435297915983,1,0,maliciosa
H0450,53.97915710318577,68.81664499258419,10.80690661854745,71.04238888665625,0,0,benigna
H0451,72.61635432453959,95.33543611276261,15.360933887392445,69.85963394290664,1,0,benigna
H0452,523.0740092532014,196.86598128533728,2.1911533433153645,36.21014995985121,1,1,maliciosa
H0453,363.71527809272163,14.847216459814206,21.518194991740597,5.235150906193212,1,1,maliciosa
H0454,65.76085338630116,261.0619522816948,22.680145751575843,71.09391498816852,1,0,maliciosa
H0455,426.0916006562149,27.77636823483914,4.04089646216555,33.70087863489979,1,0,maliciosa
H0456,30.356958939724876,28.549421210728497,6.700289096341327,150.9853315625523,1,0,benigna
H0457,54.57435097095364,29.638556340664564,13.56745953925724,84.3049416142555,0,0,benigna
H0458,83.1504052109658,25.51373181060238,11.38856922594472,54.06549496988306,0,0,benigna
H0459,202.93129609873307,407.41328781780226,4.0069162143385935,41.53869262706701,1,0,maliciosa
H0460,11.938985113434107,106.6052354716459,8.060914171100206,104.57043512776812,1,0,benigna
H0461,21.017466929191418,77.70908987993789,8.07881953317504,219.36353432920805,1,0,benigna
H0462,449.1695087155761,43.0004098364239,5.17218546668532,24.268636533523022,1,0,maliciosa
H0463,58.9562037796904,91.06170772739034,14.57903986331537,53.17950755702178,0,0,benigna
H0464,47.79248678618177,26.1247192191546,8.924131216033366,72.1653100320079,0,0,benigna
H0465,50.14423321806743,16.139802560026446,12.236202080723393,177.89183449175636,0,0,benigna
H0466,559.5309270433667,552.0658436048567,3.413811107430187,16.515757094037767,0,0,maliciosa
H0467,70.73344694775567,88.19405888223544,7.7410776329721624,60.04300972988655,0,0,benigna
H0468,41.46080261216674,7.820893069711303,8.084261050730637,78.65030918875324,0,0,benigna
H0469,919.2092479423909,138.80192991928038,2.6248667671028736,57.178082744536475,1,0,maliciosa
H0470,712.262435369227,49.26396258677508,1.6969864913718853,18.76741054600529,0,0,maliciosa
H0471,81.4383652383037,121.13217870805326,19.097557385340433,157.84719449216283,0,0,benigna
H0472,515.3657803253608,401.28740883494913,3.9308416034298155,30.058806680994092,1,0,maliciosa
H0473,45.44216034442865,76.79652316708922,10.910058894356007,136.23696359405687,0,0,benigna
H0474,26.925781118192432,37.081694300451915,10.076784466779065,126.59830058493387,0,0,benigna
H0475,33.75840071811632,68.86435643387559,20.469857807277897,161.54023576523866,0,0,benigna
H0476,325.1285138540928,23.91329867754129,2.9787887153767416,30.020453163717782,1,0,maliciosa
H0477,87.66953625667117,53.42540446116657,8.792421330670555,51.20810530671127,0,0,benigna
H0478,148.3413846999569,416.13017064159294,4.358378222032859,5.745576910485443,1,0,maliciosa
H0479,62.5816772186092,42.822061114896414,9.066624000448458,146.9761342393242,0,0,benigna
H0480,185.62600004488894,254.73401944354882,21.762055732939757,47.290226808272074,1,1,maliciosa
H0481,579.7231395199349,374.7695043458117,1.903626437861777,7.612955378368348,1,0,maliciosa
H0482,181.08608310919755,54.957277599600275,1.1758804235819331,65.59744060883031,1,1,maliciosa
H0483,36.88691369730358,5.33219921943423,10.484605242551424,123.01958882314229,0,0,benigna
H0484,465.17213760010674,144.03296041299515,6.150809129820578,9.546750195352491,1,0,maliciosa
H0485,2.9630362244083344,118.79266987256142,8.634052145561544,81.05295376099926,0,0,benigna
H0486,62.754033948377526,98.0988606049616,10.167138455753772,75.96344102795682,1,0,benigna
H0487,757.226046479066,130.46860392260027,1.3150342867111438,13.630441818253402,1,1,maliciosa
H0488,279.98814404385666,36.25315893196168,1.786001613008353,33.03367162943259,1,1,maliciosa
H0489,81.47956541241884,72.27356446481491,14.895409642832096,67.77864249081186,1,0,benigna
H0490,59.59907032919959,26.82310332269534,17.25494364387949,75.54014563934662,1,0,benigna
H0491,65.57671664120122,63.61266095318008,13.710213034897587,166.64868366301,0,0,benigna
H0492,75.03792574761732,92.81833426390423,12.93873681460209,26.566897873130102,0,0,benigna
H0493,58.6451430778385,34.835311696714044,10.990712010288856,64.89940184515883,0,0,benigna
H0494,9.431616779128476,13.64316135620004,10.498527965946707,127.86081852347957,0,0,benigna
H0495,323.56381872262295,22.052986645970634,3.5615090046801945,42.85816955042578,1,1,maliciosa
H0496,104.17119418627487,68.15601849941172,2.217450601838035,16.33244374250132,1,1,maliciosa
H0497,78.86409459208882,61.98090756276827,9.627664693935857,76.11893742848221,0,0,benigna
H0498,337.4897779071263,280.04813015544966,3.5944295681153635,27.09053060860988,0,1,maliciosa
H0499,299.75813764891615,399.29159067249,0.380992447973282,29.4981037709273,1,1,maliciosa
H0500,42.118889163759356,50.48062555114493,11.88094660794004,127.95800774629579,0,0,benigna
H0501,43.960465760327686,111.35738072875631,5.62151263571034,70.33986530923849,1,0,benigna
H0502,70.61800362024515,26.41121271519262,9.613707964286519,12.630521068017359,1,0,benigna
H0503,497.7132155533358,244.10190844899154,22.276685051029467,13.081330285179359,1,1,maliciosa
H0504,6.089906223441346,262.65187806505963,1.2148277080511805,34.498894049433446,1,1,maliciosa
H0505,125.86789629357986,257.2492231623406,1.3579625430442974,47.58441301793768,1,1,maliciosa
H0506,78.76231525626127,55.02929005295576,4.650397269176581,56.94817985025378,0,0,maliciosa
H0507,24.629056809487647,75.35355094990369,9.567523498075026,92.58072135384161,1,0,benigna
H0508,67.88945475904161,53.32570487201706,13.245378697693923,60.52390733440227,1,0,benigna
H0509,91.49343945739622,100.2550356983451,16.427831366210626,24.0164441004612,0,0,benigna
H0510,435.03087084354064,164.9626080198305,23.0,26.331704553596733,0,0,maliciosa
H0511,61.40088273800231,57.70487560688611,5.684652030023552,16.27802034200559,1,0,benigna
H0512,0.26981704821569963,29.094094116479113,16.726521761558246,39.32060018181327,0,0,benigna
H0513,458.5811253638295,143.8166067374912,22.688487016904357,6.797293973121267,1,1,maliciosa
H0514,385.8073397993793,423.9955100657729,4.222905212621734,31.198328731851483,1,1,maliciosa
H0515,1.8418865430941906,95.1864994949712,11.518439588506846,160.14801225324425,0,0,benigna
H0516,563.1237449766429,92.84472105800393,2.544069070158505,38.929940977658816,0,0,maliciosa
H0517,200.62023198874135,441.28828154302545,2.322172028836889,49.42450286092791,0,1,maliciosa
H0518,707.9562802366322,258.53726589707446,1.4246761370336796,38.64441941059261,1,0,maliciosa
H0519,468.35642647237864,266.1296583689831,3.5003429739913434,46.891946524945595,1,1,maliciosa
H0520,40.15604548252815,123.89756224947598,13.0663346764489,83.98689025333672,0,0,benigna
H0521,478.1041612244694,228.0903009850267,23.0,16.170391215951653,1,0,maliciosa
H0522,27.52905878029397,35.134427149005596,7.722376907733597,59.05626967739968,1,0,benigna
H0523,82.8973206347622,186.25781635457787,5.682336666951487,190.84897275072723,0,0,benigna
H0524,274.29665634871117,254.92781462708766,1.1286189575051573,42.69233701553213,1,1,maliciosa
H0525,52.321679236034456,7.267160713701344,13.030349839296285,52.9870434282151,0,0,benigna
H0526,50.03916923064844,47.36070120649529,7.932370682330216,88.020728980179,1,0,benigna
H0527,505.78503299481633,14.678262976029544,0.3578535036859727,65.64524323293405,1,0,maliciosa
H0528,260.7613574249599,204.242023084246,0.8108993853775175,14.925087356681042,1,1,maliciosa
H0529,5.523158753518281,105.66273226071394,12.386768518493955,98.18069513770808,0,0,benigna
H0530,25.9041447665147,107.00518655532181,9.926943678196157,78.33589258109842,1,0,benigna
H0531,454.4389536258551,331.9304347282455,21.37107265510286,13.933724454040949,1,0,maliciosa
H0532,330.0486568037109,127.21075763826254,0.19597675900836609,40.55621160256234,1,1,maliciosa
H0533,72.47750636721467,76.0618947376454,14.75609456152813,120.4801292302963,0,0,benigna
H0534,74.9335074570078,111.6624274762408,12.308072820927963,127.10117293761395,0,0,benigna
H0535,334.6213677420115,111.09570608185624,23.0,14.453982358288142,1,1,maliciosa
H0536,38.42260699442704,59.456628566630016,11.955947801501637,34.1078372005702,1,0,benigna
H0537,282.7022629024953,526.0187639893353,22.032899587801065,49.55597200766644,1,1,maliciosa
H0538,21.930479932098933,176.71606555035083,0.4876468138242027,41.83691965806939,0,1,maliciosa
H0539,78.54066017311766,46.94632528720581,5.996579167110603,15.819390543750217,0,0,benigna
H0540,27.891902882534342,3.015183525675681,11.081517463257828,142.20920789732065,1,0,benigna
H0541,431.22300870868094,152.27208806613294,4.636448679423648,27.053117434539846,1,1,maliciosa
H0542,112.3475650436742,142.93732158648328,0.46658647661537334,4.721754554662521,1,0,maliciosa
H0543,60.06215475479752,13.050044070902082,16.266580853872945,60.956802717373,0,0,benigna
H0544,59.59349934373475,54.804040881397455,10.042981175121522,54.4587928533514,1,0,benigna
H0545,17.48484614096118,127.13277891667352,18.174983907600208,156.2616155669552,1,0,benigna
H0546,42.28742908047718,24.252664770211936,2.6044426781987955,3.549179833139412,1,1,maliciosa
H0547,698.9967895989857,83.92567842973963,3.419069880575551,44.396340221975365,1,1,maliciosa
H0548,279.87358233947316,207.27419393322657,0.2744560565992282,34.88580205757252,0,1,maliciosa
H0549,56.62523927574172,60.181197052668495,14.461700229799554,48.016744043746094,1,0,benigna
H0550,232.96957480420457,424.7078608857966,1.0260079672850149,47.91189259351716,1,0,maliciosa
H0551,37.07842095965494,69.99668151870763,10.2110684035937,222.0549906007936,0,0,benigna
H0552,8.022368845838436,57.28008581731958,8.90088642615309,155.4635747176344,1,0,benigna
H0553,188.36334547362446,24.299811186929986,3.923122690500857,14.746384531648232,1,0,maliciosa
H0554,69.13576949150436,33.8474545166647,17.46542941929877,113.06103483631627,0,0,benigna
H0555,91.83205397761884,225.58817471799293,3.3011475755887227,54.27210040895386,1,1,maliciosa
H0556,96.25047121503977,107.45678985185786,17.839924016964442,96.77169578260192,1,0,benigna
H0557,828.2506779247607,29.983464556317188,1.2119617512518495,71.2810582173033,0,0,maliciosa
H0558,77.5709759370363,87.24950236246289,18.103009769042437,139.0015436721589,1,0,benigna
H0559,77.08911875940184,59.130367011426046,15.932285750616781,105.5542442944836,0,0,benigna
H0560,302.610238667075,428.09362476891386,1.4331614759019926,35.00019107047511,1,1,maliciosa
H0561,621.708990107535,171.37599699542915,3.3477075947075052,5.538813570978689,1,1,maliciosa
H0562,117.53603326489164,283.790448416578,1.551493090022115,2.4321483458448547,1,1,maliciosa
H0563,196.4349004344519,131.72368824477843,2.4736892364872913,42.70182160626003,1,1,maliciosa
H0564,0.5948790007767784,63.33053430623141,14.063508849616166,99.74362588893072,0,0,benigna
H0565,60.59070490713894,57.90690328910983,16.98071846036307,138.03153166711976,0,0,benigna
H0566,69.34818306246927,8.968204477165955,11.476246123985995,95.56355733931369,1,0,benigna
H0567,67.77389264562156,97.29649892420566,9.77946970203015,50.351296406073565,0,1,benigna
H0568,216.14307441987648,337.8427670297072,21.907151301938686,45.49629525206707,1,0,maliciosa
H0569,87.84183204988454,14.846430971207653,8.658683485588273,156.47396188493747,1,0,benigna
H0570,553.3404930157889,220.19890049516513,0.37529174382030583,24.04650967408394,1,0,maliciosa
H0571,1.930433503423096,76.21810415052533,11.237613838125233,87.43011001736241,1,0,benigna
H0572,216.6289534484132,206.01557547373116,23.0,27.476817191929424,0,1,maliciosa
H0573,289.0913787769956,299.7366521848361,0.9284604641963832,15.651759708102048,1,1,maliciosa
H0574,36.72341198788627,59.68894866959255,10.72981498143804,13.845474717947141,0,0,benigna
H0575,32.659564358056805,16.737552007354658,11.43408130678854,140.73523335961244,1,0,benigna
H0576,61.72874651696348,6.691302909088705,10.284122449659982,67.52498843110982,0,1,benigna
H0577,43.816932821284794,34.91521742232205,13.15988280319607,111.99119498313567,1,0,benigna
H0578,114.29020379288383,372.16554741418474,0.5847331367541427,9.93463231590324,1,1,maliciosa
H0579,37.07716734771131,40.38188062753526,11.730157385322402,17.808034780159588,0,0,benigna
H0580,59.51698444855102,73.4704765750554,9.21796083525533,33.608752445227395,1,0,benigna
H0581,352.9047049848551,280.6096312157191,5.695492503603309,38.70888423501872,0,1,maliciosa
H0582,40.50995448192332,18.293743673611132,15.84543947530307,20.203014044765922,0,0,benigna
H0583,573.9400547613089,172.2331857680846,2.8210539473476537,8.111009443130428,1,1,maliciosa
H0584,39.052201839251694,90.42009441708663,15.439819529062191,189.24812281089237,0,0,benigna
H0585,84.80328428520161,289.8655206220342,1.815035756022189,11.702713453845575,0,1,maliciosa
H0586,28.060820943931493,91.53966842710203,9.916214462398258,5.61085389094697,1,0,benigna
H0587,51.360071167025275,13.420456298841657,10.032708809961585,107.49236258430261,1,0,benigna
H0588,68.69675663603618,49.6616865872578,12.418351931677858,44.03837089260439,0,0,benigna
H0589,9.948283966989166,123.91714920523015,8.14945162795982,132.85333709301761,0,0,benigna
H0590,82.51741137197183,138.27547778773453,13.780894857020344,72.70255503374628,0,0,benigna
H0591,582.233529062017,30.64066005158199,7.111461195829719,30.739372798484546,1,1,maliciosa
H0592,248.1098852916247,210.85221286750837,3.7861948001730346,21.61834380352586,1,0,maliciosa
H0593,27.67990477553449,118.7003550381493,6.863168904167791,38.24550496226657,0,0,benigna
H0594,29.11921978652316,60.8240310935403,10.410471555314203,147.9336332568622,0,0,benigna
H0595,482.50029286827436,63.07416159681222,2.4357246771536727,2.5268574431849693,0,1,maliciosa
H0596,4.091576179911343,12.855732994221825,7.209222034594261,18.094886310014317,1,0,benigna
H0597,1.0260742802882916,3.559349363289428,12.840320322688306,90.91739589334207,1,0,benigna
H0598,34.33532933701953,10.74611653836346,11.980212851142465,132.0795587145672,0,0,benigna
H0599,88.17901542971362,11.667415085731903,14.988955746719498,45.125767956476395,1,0,benigna
H0600,53.282823698282435,38.14779202404801,13.710574127711467,227.1341742857848,0,0,benigna
H0601,275.5685496220094,259.725175044211,0.4552096978119191,2.00301572564166,1,1,maliciosa
H0602,31.70837060139642,65.63548677020205,11.033055204480872,118.013999982059,0,0,benigna
H0603,72.81400169126152,61.612725206852524,13.009193980893038,178.17240356378122,1,1,benigna
H0604,610.3255345319653,189.2933072091008,2.2313847744214135,21.62173474168513,1,1,maliciosa
H0605,53.45298023910177,35.10362558217099,11.48809814977082,228.55500517576172,1,0,benigna
H0606,30.1676633023544,74.32951648597928,11.15057734982318,120.33091367161427,0,0,benigna
H0607,68.29827771160879,67.66890350676479,13.03920154955234,43.91920267484359,0,0,benigna
H0608,33.33269609016109,95.15672192441393,12.197511782444442,127.20538394919396,1,0,benigna
H0609,75.14096539365046,79.25561534815344,13.773094545085632,122.82299469061081,0,0,benigna
H0610,58.30883829773491,56.54141242410879,16.00689202140812,36.779110593270964,1,0,benigna
H0611,222.17511792091068,212.72709072553295,0.5223059098249515,5.4495655288728635,1,1,maliciosa
H0612,6.401325639909778,46.179142775772036,14.997915885499554,67.130861388176,0,0,benigna
H0613,58.81502927914147,50.5395869513177,16.348858921562115,45.77509132966564,0,1,benigna
H0614,94.43027798352904,43.986119813680865,15.131828278795128,80.35929200017995,1,0,benigna
H0615,421.7999670425196,350.30654183348497,2.85432740062765,2.143390232180323,1,1,maliciosa
H0616,190.8153535208329,146.4919623482998,5.415693496097919,34.605102523079275,0,0,maliciosa
H0617,75.40493889183652,97.50227512098311,12.686436042383018,145.2530476731116,0,0,benigna
H0618,51.45305865728934,109.78860554897952,10.970280470750707,146.09295543719534,1,0,benigna
H0619,616.0731810224584,169.4478516948871,1.6077221335464542,18.70107762345056,1,1,maliciosa
H0620,14.258118858195246,194.25959951900126,23.0,32.3730244822967,1,1,maliciosa
H0621,683.132655874374,325.05349021997404,4.327566008642186,2.2969877376454164,1,0,maliciosa
H0622,80.95212724755604,62.021210537243434,7.546542255601185,87.22622043125918,0,0,benigna
H0623,42.953393621163215,125.6144960212946,7.696752711123597,107.58537380441629,0,0,benigna
H0624,5.60434402067753,111.25706805531983,9.141324193943527,91.11670101584271,0,0,benigna
H0625,37.1165668653525,116.6861048945673,13.879125727536008,93.28668660281556,1,0,benigna
H0626,30.97469774911565,36.203895980923406,14.034403607079925,46.818871609582956,1,1,benigna
H0627,21.73511269619175,30.733581341253554,7.188832884761713,109.1929643390263,0,0,benigna
H0628,558.6628580209499,33.297113784615476,2.8622509753768877,27.573645990971478,0,1,maliciosa
H0629,49.46679425317799,66.55728211242537,9.70824027834359,127.23535850773229,0,0,benigna
H0630,684.6002223666238,224.44083816061573,3.3289333393619014,9.90210839930755,1,1,maliciosa
H0631,436.9655144973484,130.76954844478632,4.359079386395368,49.57157797936423,1,0,maliciosa
H0632,369.1328921634346,36.64394833618516,23.0,15.63006364407373,1,1,maliciosa
H0633,47.21494045879401,113.78903023655229,13.678653557975615,32.36158563478774,1,0,benigna
H0634,48.27626549310873,41.27155232467069,14.84838276107679,90.6593124294553,0,0,benigna
H0635,389.83032695363335,91.6492737726176,21.853319486315495,21.835512431043455,1,0,maliciosa
H0636,32.573602760803794,29.065944276295014,15.8128407371427,88.86876536013618,0,0,benigna
H0637,62.23841836175478,85.34852786499067,16.821400949475432,60.00441603107451,0,0,benigna
H0638,343.3876420336718,248.15292138015408,2.648138130899447,38.524142580315655,1,1,maliciosa
H0639,21.198990181505607,28.011740713005842,12.599392042145551,78.96804547719931,1,0,benigna
H0640,87.33011821034313,285.2458192920929,2.4004420100170267,5.301537601810875,1,1,maliciosa
H0641,300.4917742524079,285.0851819207169,1.6514165715003624,32.19231657406231,1,1,maliciosa
H0642,466.8947269777675,237.34439698973503,0.7300929974851607,23.80405624343943,1,0,maliciosa
H0643,125.52167670765263,167.7315707336731,2.66832431998899,32.731774478872815,1,0,maliciosa
H0644,638.4750969403162,235.66475370199808,1.8763653604731483,79.77305103482334,0,1,maliciosa
H0645,502.9618775921174,58.559375031771,2.8340885185160127,8.390400783000985,1,0,maliciosa
H0646,222.06701282647748,117.12734365647573,0.6641805032013565,9.898331593657176,1,1,maliciosa
H0647,91.39411691837847,430.03724114700174,23.0,41.7950142884813,1,1,maliciosa
H0648,5.299168002894675,26.78341955745347,11.842754706948963,145.47000422138416,0,0,benigna
H0649,235.26491154500093,391.67287515027886,2.0863088180534373,32.52871788871102,1,0,maliciosa
H0650,45.74321804848851,96.35083904354067,10.10868652456725,154.91229222457508,0,0,benigna
H0651,55.020287173332754,100.59874873224052,5.82959925435839,22.583780463058645,1,0,benigna
H0652,86.13998043406349,5.834090868660709,4.418230718082832,122.66624601585252,0,0,benigna
H0653,162.66967601226068,174.24986722984835,1.1276096796885362,48.30273523549832,1,1,maliciosa
H0654,55.04081193675256,119.77227311724967,16.457467696498796,92.56286690137821,0,0,benigna
H0655,139.39204249026477,331.5561094019761,3.776504478403084,6.650929552816624,0,0,maliciosa
H0656,78.56832724822242,65.90241007928961,6.649102373287354,89.13659415307941,1,0,benigna
H0657,598.4314136353885,337.4481200212274,1.5344208309376435,45.09542150640554,1,1,maliciosa
H0658,105.71639668399433,37.48521264699796,9.179999581474986,104.32509659720607,0,0,benigna
H0659,415.6763842703234,305.4887659335391,0.0,32.67150986278478,1,1,maliciosa
H0660,52.9987279750751,161.47197064913615,2.1724096584224704,32.82269381096459,1,1,maliciosa
H0661,4.965616672881708,26.36559853192051,13.164166825244308,137.01217087971153,0,0,benigna
H0662,2.3990068173268355,52.404235730157126,9.08413828575243,125.0759116498318,0,0,benigna
H0663,90.95792036986329,32.505690912490934,11.253549533941033,149.23666499153353,0,0,benigna
H0664,472.7881582582787,161.66465218749184,3.537545271594582,19.69071293054229,1,1,maliciosa
H0665,62.95667147779409,71.08615872871053,9.94258641361089,54.30601539719395,1,0,benigna
H0666,112.66534574726626,70.30796726937898,7.397792340868072,55.30494564208661,0,0,benigna
H0667,1.9459127321772627,90.30775992320986,7.676941758903543,108.43491867040683,0,0,benigna
H0668,9.745551677125924,31.724934363902527,13.640811945180232,215.29220583838546,1,0,benigna
H0669,211.63528849625038,316.5078171745449,3.104591709170564,64.90857933295555,0,1,maliciosa
H0670,767.5033067680815,248.84198194117442,4.00644594700585,32.29271445758372,1,0,maliciosa
H0671,57.10410122999872,412.31573179929273,7.20372673243539,23.537701753124914,1,1,maliciosa
H0672,74.52517094166193,180.31427732528527,8.81204331890208,134.0736595605094,0,0,benigna
H0673,59.738332077262484,34.86596402133032,11.249682029264813,104.46094105839892,0,0,benigna
H0674,55.13236136640669,68.39563599373837,12.629463489805337,112.9305036984641,0,0,benigna
H0675,745.0061166820451,59.61001940352102,2.734620323985747,57.375404059415644,0,0,maliciosa
H0676,53.717607665462864,66.13346966304724,11.854518114043431,20.588102980616284,0,0,benigna
H0677,73.64538547704343,47.70020533429479,8.592520809003972,166.58199301637296,0,0,benigna
H0678,78.84012974401311,57.7424014441037,10.11701123624161,174.58149277823026,1,0,benigna
H0679,243.8406143578884,128.92222627648755,2.8689012865292036,19.216812898422177,0,1,maliciosa
H0680,319.75471464599576,107.92202470315323,22.348041872609986,30.018707793157027,1,1,maliciosa
H0681,81.06365236534322,134.03951213124304,11.733854478462465,137.47242065412263,1,0,benigna
H0682,555.3520306208853,139.69433649269905,0.0,41.19806142458266,1,1,maliciosa
H0683,73.28932526206822,52.9518433931305,13.601622144602981,98.5803914606833,0,0,benigna
H0684,67.84512765253268,101.49396978364925,10.032142118091985,134.45702194619298,0,0,benigna
H0685,133.37209844119275,180.10929071193723,0.0,10.121153597299113,0,1,maliciosa
H0686,114.2831411906806,52.91388229768285,1.1938041633179044,14.375966014200282,1,0,maliciosa
H0687,322.9043789092774,581.5384711438214,5.361198404464856,35.44557155516577,1,1,maliciosa
H0688,79.11306647120392,41.80126545241981,12.96918122595264,72.54172846414025,1,0,benigna
H0689,46.522676153573045,119.92885767665786,12.821038333228367,96.49385847105567,1,0,benigna
H0690,377.08310784549207,422.6797398976125,3.9204006674729723,34.016320658198566,1,1,maliciosa
H0691,725.3474398543772,184.81814934650652,23.0,10.868343515762025,1,0,maliciosa
H0692,311.4660283095545,340.03962553077986,5.117124470312756,12.718823441805965,1,1,maliciosa
H0693,49.916184118507374,206.3542584825609,1.5358142702873865,40.98133033018965,1,0,maliciosa
H0694,37.21319623511157,80.6537135548507,11.251627439639305,56.484735192538295,1,0,benigna
H0695,138.51340921324882,55.26192616049668,8.035206644986753,203.46553817577455,0,0,benigna
H0696,432.1451336262524,177.85149076866148,3.368591885204879,16.80436512683024,1,0,maliciosa
H0697,65.44277590744258,66.33341632653449,11.361848404653786,88.69687767274708,0,0,benigna
H0698,659.2527804588065,111.37478475187953,3.028514262099784,16.7442441093566,1,1,maliciosa
H0699,42.19384550431558,61.45965863265022,11.894804937116538,70.32844954159523,0,1,benigna
H0700,14.351817575999718,100.89005294713752,9.235825921056659,44.08323715738511,0,0,benigna
H0701,193.27294993705976,58.43634430460304,4.0346513658927465,20.715753905772075,1,0,maliciosa
H0702,49.36082024870383,63.531068813772485,8.29172442495728,195.41465114395146,0,0,benigna
H0703,47.396917330127735,141.79043288037053,11.868036430298398,140.5358142817364,0,0,benigna
H0704,260.73670263905393,229.04543336561986,23.0,37.33555610380115,1,1,maliciosa
H0705,52.078610843288054,11.262482885712082,14.325487977145173,30.20611190593398,0,1,benigna
H0706,56.18476181651971,76.43099642605013,15.68074099502346,161.34015678980532,0,0,benigna
H0707,14.701885703943947,21.72424149201492,9.823438867144631,10.548721100753212,1,0,benigna
H0708,35.717242448059885,114.1035460815971,13.849589509757912,20.043443037191167,1,0,benigna
H0709,42.170704455884675,13.23270164824089,6.755885068255013,58.8435578626002,0,0,benigna
H0710,537.9740151592533,295.7504403546886,2.5159898666621685,26.535022197607947,1,1,maliciosa
H0711,37.79131899851607,73.07446038227341,10.39910987134549,79.23346425207227,0,0,benigna
H0712,54.32005124292856,72.33235146822226,13.248627985192211,24.878608581750385,0,0,benigna
H0713,368.5518707707716,252.46203138232434,22.465684343339355,20.478063416993344,1,1,maliciosa
H0714,36.88454748242751,49.10857546537453,9.444413651016534,97.79485439706616,0,0,benigna
H0715,74.80536414643547,31.641184986647026,11.15013437996895,247.37420684637064,0,0,benigna
H0716,42.49901964967489,44.90237439549395,13.405579942789446,103.98161028326663,0,1,benigna
H0717,115.22184263654904,329.5314973615349,1.873883057418959,14.36440504270334,1,1,maliciosa
H0718,76.03324904591668,105.69604687649189,13.337295648783652,81.85045373846684,0,0,benigna
H0719,46.72765553059398,45.83813359459522,11.921541246536938,35.89634266681021,0,0,benigna
H0720,75.0683817226595,27.475586159696626,11.396779335110987,45.00175108871903,1,0,benigna
H0721,53.66038517814616,38.55697378860512,6.289704623757635,160.67087573389375,1,0,benigna
H0722,509.85168033912635,353.90994207578666,1.0993615165340185,65.46489127520096,1,0,maliciosa
H0723,56.986819280185216,438.05173471293585,3.919655124298276,45.257705231043445,1,0,maliciosa
H0724,424.6415284021571,224.45698627228217,0.1392528129917976,20.862329139626745,1,1,maliciosa
H0725,29.660557824068665,85.76812032989712,11.730003629767271,249.8609244271751,1,0,benigna
H0726,19.659265479398314,79.16739745230278,8.933620273887453,15.131358683908672,1,0,benigna
H0727,1.5534065672498159,77.8488718327728,12.402445055246554,21.915890460186333,0,0,benigna
H0728,64.88351808915976,117.39421141079049,7.765490803847216,88.87154766636134,1,0,benigna
H0729,78.7449858899417,8.99270448565062,13.53067888303567,53.88134077815082,0,0,benigna
H0730,99.25944827242284,35.678260617115214,9.061621683204471,53.39138474482427,1,0,benigna
H0731,71.64875480313802,57.80949796251558,14.601508558381694,183.42654913518422,1,0,benigna
H0732,199.73760288286857,144.39371916891866,2.673481347310348,36.981325733028875,1,1,maliciosa
H0733,339.9278132184666,10.252641042155346,22.000544998003637,35.15567561415702,1,0,maliciosa
H0734,49.03952443519185,19.54810839379587,15.99499124051822,56.505849973708166,1,0,benigna
H0735,448.7041187510993,266.8166379323686,3.95851820526072,70.49456744291084,0,1,maliciosa
H0736,62.6999181468569,48.90240324100854,15.769995957363864,116.57418541377696,0,0,benigna
H0737,597.1910910074798,235.53583846504588,2.1028541312700075,21.873892733443995,1,0,maliciosa
H0738,13.040628748545402,89.353268855419,8.472756187684666,115.78432727650905,0,0,benigna
H0739,34.529353718389686,27.994850041698037,9.39325802060344,116.34029691815009,0,0,benigna
H0740,47.65840430468732,24.91488747746422,10.036569327483166,107.34967366138184,0,0,benigna
H0741,699.4578680695893,463.96665779590603,0.5495781561915987,3.723075557731768,1,0,maliciosa
H0742,360.6059117780528,100.83266959086548,22.671935942461555,54.786101361899284,1,0,maliciosa
H0743,99.31657773120594,155.09608664770883,20.43788262909468,44.12550018389511,1,0,maliciosa
H0744,34.81574855572212,11.69116680591251,9.681546241166991,233.16606976776092,0,0,benigna
H0745,33.5627491540667,112.98097006621899,7.66152844780453,60.2598552268946,1,0,benigna
H0746,0.6017394988777767,82.2510863512934,8.24611585620212,90.6201942388554,0,1,benigna
H0747,57.9804736703761,13.32758109798828,10.162962262760283,68.66714262288353,0,0,benigna
H0748,67.29308394779531,131.2081132757533,11.439257316326804,103.43770221398844,0,0,benigna
H0749,653.5758623024019,522.0521568766213,22.244908133483317,6.78101303692684,1,0,maliciosa
H0750,39.16695973025612,112.28047115634811,10.687866908726301,40.69288841917541,0,0,benigna
H0751,69.31662555374119,16.225981387941346,15.382766376388133,227.8425120282187,0,0,benigna
H0752,21.320460845281815,33.41788458094288,14.150669625146776,198.89849977238677,0,0,benigna
H0753,15.950311514632347,212.05737238342115,3.129030828338478,4.219430691214633,1,0,maliciosa
H0754,9.084224102933497,85.93707327388387,13.150812366583008,24.448182441186432,0,0,benigna
H0755,396.9002406340732,311.14934874086794,23.0,52.040710991995354,0,0,maliciosa
H0756,402.22846930709125,70.60557050821183,2.668049218762719,20.71476871122237,1,1,maliciosa
H0757,61.93187810886096,83.8321051356654,10.407205382887362,18.97127501102372,0,0,benigna
H0758,86.36173433623466,285.3535742179208,5.293261681426899,20.580447409262945,1,0,maliciosa
H0759,31.036150065067233,124.9201463029521,7.925104558366888,53.78695736313156,0,0,benigna
H0760,66.65143151309792,69.87414750838906,8.836601724078053,156.01361849885075,0,0,benigna
H0761,43.72828640570592,104.9167350629541,8.165721592067964,95.36728358407132,0,0,benigna
H0762,592.1830090321782,300.0176472796889,23.0,63.8074158865044,1,1,maliciosa
H0763,90.18283598399276,108.10215172876974,13.37781065506265,140.18202481266485,1,0,benigna
H0764,11.679502537919205,70.07709999968553,14.71266391719486,110.83107124146423,1,0,benigna
H0765,112.49560678096566,116.09435952021148,1.6306381337847207,26.56426755181248,1,0,maliciosa
H0766,366.15930679233736,130.36575808980388,3.7517779448964617,6.2570122425394885,1,1,maliciosa
H0767,67.31963538012887,5.228464371701868,11.83710970604419,168.41188432577346,0,0,benigna
H0768,58.6735586979725,76.96200449944895,9.839227486077595,117.25334366241746,1,0,benigna
H0769,25.040919606678656,55.29662070055318,10.56673390574291,112.51909692881628,0,0,benigna
H0770,665.1062557035311,477.2651006440737,22.569988727297833,38.37865174094632,1,0,maliciosa
H0771,71.33093187763842,28.498482008589782,10.774423107246745,137.69716589959702,0,1,benigna
H0772,370.0640327530736,77.42926538690133,4.5141766803928665,35.22199115037033,0,1,maliciosa
H0773,88.65150240302884,5.540085314027067,20.227908845991546,154.9458074079299,0,0,benigna
H0774,40.45652716907105,10.491239816475229,10.944078115977772,74.04965970017228,0,1,benigna
H0775,65.58453143135146,60.76607630980528,10.106762370074833,190.80695030374238,1,0,benigna
H0776,47.64657134659808,389.3940967852225,2.4637971959058165,31.325991778397203,1,1,maliciosa
H0777,46.0432623032888,124.51267957202401,12.98434540331852,49.54800064196501,0,0,benigna
H0778,217.00045784920562,288.82696732478195,23.0,34.075776409041126,1,0,maliciosa
H0779,0.4545421613987344,60.73195903121689,12.718489026614364,256.90997921187727,0,0,benigna
H0780,156.58430374502456,93.15576752466058,3.781901527451948,25.22266701120513,1,1,maliciosa
H0781,11.700319931660204,46.98220509339876,12.687378954134113,11.584005805216606,0,0,benigna
H0782,123.1234425339122,401.3696875695199,22.76263845459083,24.936545025911542,1,1,maliciosa
H0783,483.550406438914,137.51041521158237,1.1289621734999626,47.9220929246915,0,0,maliciosa
H0784,120.06802056816821,97.89630158078623,15.065083778723613,115.16367138215927,0,0,benigna
H0785,98.14072528266973,191.3648434848716,4.117255758600452,31.27866875331182,1,0,maliciosa
H0786,88.97648895872355,10.964096403510759,14.509286906826045,35.31526951202131,1,0,benigna
H0787,657.1146873257721,109.4382617980809,3.886615225356957,3.51270286061893,1,1,maliciosa
H0788,15.244869567072389,80.03895862222913,6.168277107203115,138.67206837797542,0,0,benigna
H0789,36.04304421238887,58.391103270874126,11.126695834676628,64.12203705156686,0,0,benigna
H0790,520.0524145530542,348.71383707582345,1.08793960942768,28.278132577205568,1,1,maliciosa
H0791,12.886181236535478,8.212560849308538,10.821880366191708,177.28129009328836,1,0,benigna
H0792,53.134733688977875,124.73480938207392,12.236421018729214,73.99935876121643,0,0,benigna
H0793,41.99427818414727,82.36143665619676,13.726072875432141,6.560967468847153,0,0,benigna
H0794,97.0003459461239,28.870540289406684,7.461035056802388,128.05909681013662,0,0,benigna
H0795,59.40638158874588,42.67148604309422,11.645772465316458,130.2645653365549,0,0,benigna
H0796,42.40313913321378,130.09178017572162,11.075853930050352,89.56921678812344,1,0,benigna
H0797,101.96507790732142,296.83744039005313,3.528118104875421,53.79912286236555,1,1,maliciosa
H0798,4.896972598819843,94.03031835945285,5.837897642349123,41.32615317155147,1,1,maliciosa
H0799,25.220242166282596,96.14547004843448,12.674526774629456,71.44088873290926,1,0,benigna
H0800,94.28054977149723,131.86086444807336,15.22459041552258,24.18734851990591,0,0,benigna
H0801,60.50840538908354,33.569490539635325,13.34041095405111,87.12487806267455,0,0,benigna
H0802,309.14002567922796,320.69768129616523,4.669867428938403,3.488135005791868,1,1,maliciosa
H0803,21.515024914057623,51.6598796241796,17.850749749803075,127.98726568560377,1,0,benigna
H0804,377.7210712968813,454.96302390319636,2.3332737141375937,35.30873397284081,1,0,maliciosa
H0805,77.73675394727636,88.68746677159152,13.050696942679036,80.05953665593812,0,0,benigna
H0806,86.87208146169979,24.226065164199873,12.568115601734265,40.31309708628115,1,0,benigna
H0807,64.02189403912266,44.15492567762914,14.069849165064467,169.2860728673257,1,0,benigna
H0808,53.44245154911913,83.08129512350686,16.409813428540907,25.56270386146275,0,0,benigna
H0809,213.32152821128383,421.0022254770371,3.275955677708329,4.683637731530183,1,1,maliciosa
H0810,97.55831202265077,59.385561808407104,8.043790503106766,164.39449600581594,0,0,benigna
H0811,63.91880381581818,92.40045130822608,13.231608353624228,115.5543237460951,0,0,benigna
H0812,17.25605762368184,125.6034511262586,3.7704271858393636,21.970630737647515,0,0,maliciosa
H0813,266.50639260452897,408.0313999283146,1.5120191246829253,46.96607519994083,0,1,maliciosa
H0814,22.789952378984296,91.77767113045373,14.831048127826845,113.78639834607907,0,0,benigna
H0815,70.58218526967065,84.43976929112758,13.189519584625739,43.57288102882005,1,0,benigna
H0816,44.52216685571503,50.91835678063606,15.9273165101574,208.6573426500234,1,0,benigna
H0817,40.583427088915414,86.28659159509643,11.668419077752926,184.70599955512796,0,0,benigna
H0818,451.9170881221363,174.34800056772016,1.9694772500532154,14.070205310311389,1,0,maliciosa
H0819,35.76190718542861,112.13272917056301,8.993313634842714,61.26065774345369,1,0,benigna
H0820,43.46185494188038,124.07926565896337,16.910240665599304,138.72785390096317,1,1,benigna
H0821,65.87418205528597,85.14188165348348,8.472001427716066,115.15438945852762,0,1,benigna
H0822,20.483463629213134,33.33912197879056,9.459049739665339,55.59712342023359,0,0,benigna
H0823,42.65030925551604,82.18516259866347,14.646414416544902,213.1451736206502,0,0,benigna
H0824,209.40273422535148,80.25662481102293,1.642471372129052,51.11784945714267,0,1,maliciosa
H0825,615.3670480883715,389.62455263042864,4.060947511064026,23.047974128237026,1,0,maliciosa
H0826,49.9627620334986,13.911677264080154,10.463668746935232,88.22966064585731,1,0,benigna
H0827,23.911244106008805,91.68770046267471,16.643792188847133,101.10400084068448,0,0,benigna
H0828,247.87059036092407,189.46415322252437,2.2560686419432727,30.226351721877442,1,1,maliciosa
H0829,25.24628464600275,129.05136584546543,11.89239716728057,95.2197270033071,0,0,benigna
H0830,86.65930275195049,107.354603844802,9.419527708137656,179.20601683938952,0,0,benigna
H0831,12.224290757368841,54.29232998825221,6.648011049047009,103.89343829479895,0,0,benigna
H0832,413.9565896635846,198.73596800733145,23.0,15.389844909558281,0,1,maliciosa
H0833,299.90428846671404,211.5522940259289,1.285329943216759,37.5166300580475,1,1,maliciosa
H0834,28.29826181681166,18.336115111582714,5.517152998583706,121.4240303148833,0,0,benigna
H0835,169.2848730815212,486.62466724517986,3.850454666273092,29.369743796600577,0,1,maliciosa
H0836,102.78454937477665,75.85412432846206,14.676425155463923,39.37888957235472,0,0,benigna
H0837,15.078432420777432,36.87157320001844,12.327967608332724,69.21949821348207,0,0,benigna
H0838,37.06033823734406,67.02694406353298,8.584326397903677,107.91193538315832,0,0,benigna
H0839,38.164239287081536,54.07510835758266,12.00371911798412,168.98928511769788,1,0,benigna
H0840,63.44324897532869,59.98556152028277,12.937638698375492,123.77346684506598,0,0,benigna
H0841,52.33119267660868,10.366171459916522,11.78273736867536,132.26582881223374,0,0,benigna
H0842,41.96276125773858,63.09661596781092,13.88450166177915,131.91679901900454,1,0,benigna
H0843,699.8437914314128,131.56216328189691,3.295979186872689,11.47703643017826,1,0,maliciosa
H0844,81.59364917850355,70.80029736602378,10.504258174480501,235.7560467016918,1,0,benigna
H0845,20.238470767335578,70.00704509944221,8.708613109701549,69.23706977675056,1,0,benigna
H0846,739.4683015334292,133.10918551711455,4.809827936966357,2.406638951787116,1,1,maliciosa
H0847,75.81199244314331,137.8784482214786,11.117044799384086,58.542065867466825,1,0,benigna
H0848,1.5957629342968787,18.04967907330132,13.066107057058876,82.36311320727188,1,0,benigna
H0849,233.20481957992706,447.5381441985168,2.3869052863030884,34.38701663437879,0,1,maliciosa
H0850,499.0479518590371,189.80865580765357,2.2986272633271514,29.531757857656576,1,1,maliciosa
H0851,95.83595250867262,100.38206491589449,18.003905871345026,121.86784913192332,0,0,benigna
H0852,11.79902656752978,52.864048791749944,11.037809532056405,78.20831645335203,0,0,benigna
H0853,26.755982976932447,28.136206459381654,15.793140484418934,115.35765239923356,1,0,benigna
H0854,429.7345201067825,358.57890142838335,3.3527874299666602,37.10383190067955,1,1,maliciosa
H0855,67.78234283294636,100.32813955261793,8.560276934644259,18.951154675194758,0,0,benigna
H0856,118.13721911253324,4.641227297306287,13.391393702585304,189.03700779224863,1,0,benigna
H0857,45.029873020471676,76.7896544572097,12.252703399344748,34.05620424693592,0,0,benigna
H0858,10.537168025715445,49.70957458672765,7.515380790667206,10.074988220742242,1,0,benigna
H0859,428.671307483945,145.57406495266298,22.103810376191305,43.93782023708268,0,1,maliciosa
H0860,12.796336384301071,159.55979600838742,13.278260911430856,41.262056000740856,0,0,benigna
H0861,73.75482182901482,10.618884534035892,14.846344738996759,163.96448802221727,1,0,benigna
H0862,191.92769662393974,283.0026582543537,4.482645503739477,24.752960426661787,1,0,maliciosa
H0863,46.109214796155754,47.60172404157593,14.749768066939307,47.521747592008744,0,0,benigna
H0864,429.40490709221865,158.89123210731475,1.9510716642941937,9.115275095457616,1,0,maliciosa
H0865,48.24934731401467,117.41092735830895,11.812791665329643,161.6427772825145,0,0,benigna
H0866,401.22634787221494,398.9359035508662,1.9922682461627985,30.15217878887211,0,1,maliciosa
H0867,3.0410949129605953,122.37577128261566,8.724886664056227,129.55405281133216,1,0,benigna
H0868,419.41591609236417,395.0995524116451,4.627319354574685,34.66327299612383,1,1,maliciosa
H0869,226.81716962146396,55.41808160525795,3.339947744024056,7.788713872793657,1,1,maliciosa
H0870,80.66663570506236,78.72377387379059,4.9817604293141855,27.177902563899153,0,0,benigna
H0871,45.5665672075219,96.12760370735867,7.855461701627086,163.4360476137951,1,0,benigna
H0872,157.28281443834874,196.4684723837529,1.0577173311481576,16.218622534681245,1,0,maliciosa
H0873,9.73635962837507,46.61520970201141,10.201213443479794,107.49689441329807,0,0,benigna
H0874,156.36865963486395,280.33857631295933,3.995349094818154,28.951184792268194,1,1,maliciosa
H0875,53.182199808861924,444.4746828734261,23.0,19.906782301392393,1,1,maliciosa
H0876,69.96611118243239,31.902880066247754,11.12643035675065,30.482459359865047,0,0,benigna
H0877,358.5402548376259,168.76422064692989,1.3425794421126538,13.564998707193478,1,0,maliciosa
H0878,20.755273069586316,101.53542155573967,8.962637365802117,94.49358377980379,0,0,benigna
H0879,186.7689154205881,317.2234779386971,2.7238035074029354,2.956176892686159,1,0,maliciosa
H0880,126.09197484233474,40.334907876200276,0.21691519997689213,32.26366122198291,1,1,maliciosa
H0881,428.38212632160884,62.96057369747888,4.688960695634736,48.67207744951227,1,0,maliciosa
H0882,346.7858355122973,385.1401405706696,22.90712009036702,3.133064169860173,1,1,maliciosa
H0883,293.84076052335706,168.63734383614226,2.8356557981920325,30.085956840557902,1,0,maliciosa
H0884,11.49880717469292,67.82837871202688,13.42817471850427,14.152169593668418,0,0,benigna
H0885,60.937720286659285,48.93366571553973,7.936150200809701,153.58464913245822,1,0,benigna
H0886,0.01918013608994329,51.25431100057282,19.446515018640255,82.27781368025278,1,0,benigna
H0887,3.065823477204347,54.67412405777019,12.323026941357803,7.760283718567251,0,0,benigna
H0888,54.395383686395995,20.164728322711483,8.035117116576721,125.3366378234916,1,0,benigna
H0889,655.6379596118015,173.88059538631225,23.0,40.855907079105606,1,0,maliciosa
H0890,43.45294357154875,116.94049001382811,15.924870761631073,162.95731976637887,1,0,benigna
H0891,44.6773479384907,30.813151709146766,6.112072449819985,110.49627225129277,0,0,benigna
H0892,895.9998930942459,298.48094394648194,1.796807141096606,39.270383995947796,0,0,maliciosa
H0893,42.09678123063502,72.26613254690812,9.801633676792743,45.46156891338978,0,0,benigna
H0894,15.495101548975061,20.697083998538545,12.616947425614438,211.8440490046549,1,0,benigna
H0895,36.62675993217916,111.42359620136612,13.702429671989515,173.51219752539075,0,1,benigna
H0896,443.374628960991,232.8222833813431,3.853747694151611,38.92895518545234,1,1,maliciosa
H0897,13.976486621554166,46.676705436328334,14.07833336519885,146.20230730398546,1,0,benigna
H0898,500.5265604923686,322.75934821309187,4.099589914702395,36.153883931716095,1,1,maliciosa
H0899,30.077158006862167,82.03681630084333,11.556402060995188,87.31838407003194,0,0,benigna
H0900,75.49088863846788,404.5997178506101,23.0,7.1598796531882485,1,1,maliciosa
H0901,444.6517800222584,76.10968207275417,3.116311976065502,15.53248142251569,0,1,maliciosa
H0902,23.52357868603087,84.98444420183739,14.739004993001156,202.49681151208813,0,0,benigna
H0903,264.24922299852784,478.543381507037,23.0,10.802099091455588,1,0,maliciosa
H0904,75.20079457801165,167.29661749721126,5.6804962915121955,43.45364129083743,1,0,benigna
H0905,78.29922746638263,148.34891723777542,13.91430512813566,48.23962046959112,0,0,benigna
H0906,619.9135598622172,54.922957222705236,3.891792001036435,4.030607398655199,0,1,maliciosa
H0907,95.56096973215998,20.10768454307609,11.99786135166114,62.95139761435938,0,0,benigna
H0908,406.47761565720833,218.79241496597217,5.094866865005699,25.72921239514166,1,1,maliciosa
H0909,110.02284057242647,290.09494953934785,0.34745785005325214,33.34990059676474,1,1,maliciosa
H0910,21.088112973511272,101.05737830684143,13.821655838038575,156.5091892227348,1,0,benigna
H0911,16.75318209737723,87.43366533041683,10.980692743972021,44.03672482740191,0,0,benigna
H0912,60.60243456051548,10.011495573909272,14.878777473093777,111.55338359512308,1,0,benigna
H0913,74.74479280804222,59.50430339236177,8.669050378014958,142.24254100824464,0,0,benigna
H0914,104.90716063996041,137.29359962064012,21.744278454036476,9.420165818065112,1,0,maliciosa
H0915,26.355805859122814,62.46447263231292,11.770432359833357,49.144243238986,0,0,benigna
H0916,73.1999992082661,26.31699429568743,15.268111714645707,122.56584554972831,0,0,benigna
H0917,64.6885240632508,116.35480044518711,11.170176650693374,177.23375563544263,0,0,benigna
H0918,73.82352699469791,17.702534057706345,12.99169590651264,54.62000416818203,0,0,benigna
H0919,24.15757632221591,86.39480360867825,11.158693164359303,66.56834217362643,0,0,benigna
H0920,4.093023665630362,74.00325045898127,15.51471165123284,153.51425836348736,1,0,benigna
H0921,235.264791751825,386.53806338246085,3.6483320002052535,4.410475828344531,1,0,maliciosa
H0922,79.49711997333458,51.66645552675722,13.004171770936406,105.60615536557971,1,0,benigna
H0923,64.3956263151231,118.77864085138756,15.891065505711051,109.35245233874632,0,0,benigna
H0924,89.16899916524045,127.4490573726041,8.877926953647181,11.717372437716008,0,0,benigna
H0925,60.36834396491815,60.85422068082969,14.601766551561003,19.965348728040993,0,0,benigna
H0926,5.019485465744026,186.43512688706656,0.15906166727472337,6.747776134001242,1,0,maliciosa
H0927,673.994850195059,251.51450063024777,3.9356005002544983,18.953167171965518,1,1,maliciosa
H0928,11.910073987565362,30.68779736915755,13.552446833665106,33.13094625639266,1,0,benigna
H0929,511.0850315325418,319.838587138995,3.774324786229763,37.837619049289195,1,0,maliciosa
H0930,85.01493223628083,499.6003689880578,2.7987213843588963,38.8682614527145,1,1,maliciosa
H0931,21.688681464860352,16.426135802701125,10.980779709420963,147.89153743933372,0,0,benigna
H0932,107.2884789578469,286.123135049937,1.1046522481766938,44.88277875265409,1,0,maliciosa
H0933,645.7543713900543,553.7979801404105,3.1131874643151676,96.66870518168984,1,0,maliciosa
H0934,30.875451573574196,61.84048184142027,13.85600870738335,89.95677232858108,0,0,benigna
H0935,38.83138319483718,87.28216829660346,13.707712137016479,151.59190308486615,0,0,benigna
H0936,38.159213283315346,58.04010702464849,8.29830166131095,285.48437333028033,1,0,benigna
H0937,7.60117168333128,17.70111669274022,15.033754175683185,175.89659714643943,0,0,benigna
H0938,38.30927621029808,84.09267497114163,6.838473377422994,21.100393449422185,0,0,benigna
H0939,49.43733839727237,16.77429634897976,15.1270708355279,13.823411094179264,0,0,benigna
H0940,401.70495667389076,20.840353723371294,23.0,42.18968299712515,1,0,maliciosa
H0941,381.4311097843998,258.57276039143096,23.0,4.925122514809132,1,0,maliciosa
H0942,320.78733753624425,237.12293444711787,1.2804837304555812,46.19738730376105,1,0,maliciosa
H0943,7.527812636333529,87.38301969636608,9.654239465644743,19.2115126686883,0,0,benigna
H0944,63.850869521305526,10.83714514277716,15.770059473024608,112.36159191360258,1,0,benigna
H0945,72.27234095756586,70.11074323124976,15.711447809304588,153.32037601389703,1,0,benigna
H0946,80.89838315561343,476.9214966430151,2.3053044871828474,66.12127440736977,1,1,maliciosa
H0947,4.596544312350176,128.21156558801772,10.648796492343774,10.245697859862446,0,0,benigna
H0948,59.91511707211457,86.54830970646822,10.881454395617995,56.40835264988615,0,0,benigna
H0949,48.92886024994888,90.32564372410194,11.454942298326802,178.777517534583,0,0,benigna
H0950,80.26257437730362,390.4972972677808,1.981832251990639,6.139741679525258,1,1,maliciosa
H0951,22.0014095888123,78.00525984308011,7.4110927116609995,122.73610525351707,0,1,benigna
H0952,248.18235058152038,209.38816480023635,2.8939976098608953,8.76880670470431,0,1,maliciosa
H0953,29.498744243853466,96.08174691076823,13.80403979076513,158.9188992266142,0,0,benigna
H0954,46.210980025610155,144.6792501656009,7.4455445061068195,7.621283774288898,0,0,benigna
H0955,69.67606888147462,30.505811700112957,16.562452653765845,152.47129821779927,0,0,benigna
H0956,62.53034086765584,42.25920590453958,11.466548113512328,58.71826121787233,1,0,benigna
H0957,320.5552022004503,111.3453558073032,2.101672873217274,5.0879146981951,1,0,maliciosa
H0958,507.201593264282,136.65987359322014,22.790012189846905,16.273894215143187,1,1,maliciosa
H0959,50.8849604098043,19.538479066982397,9.666446902352035,121.15911498226424,0,0,benigna
H0960,542.1584442130177,14.300230843733317,23.0,16.26408833553573,1,0,maliciosa
H0961,286.9877146346231,46.91288431799072,4.857421611452018,8.377045429033814,0,0,maliciosa
H0962,14.786479066228758,25.66351168516499,13.529671199500143,164.2790425370865,0,0,benigna
H0963,63.63651193734615,11.538905587986065,11.483996785690708,30.308551817767537,0,0,benigna
H0964,109.90815569392905,191.3704447737001,21.239165820997385,53.61893760134204,1,1,maliciosa
H0965,132.85501206009386,105.53048789786176,8.494821810139095,50.71364426915831,0,0,benigna
H0966,38.251258377443186,76.5317397216383,9.2004119699237,190.41434068375094,0,0,benigna
H0967,544.9094346159591,458.1923729132779,23.0,48.52296707522126,1,1,maliciosa
H0968,385.40767108612386,233.75256495195768,2.465744648158964,56.2284792218226,1,0,maliciosa
H0969,128.7789654188134,227.0331917506452,23.0,16.860105708724763,1,1,maliciosa
H0970,18.666052337924256,54.348774757206364,10.246455744919432,79.20603096736353,0,0,benigna
H0971,17.847815960170117,59.75375780639257,12.945239188286223,7.067246641498585,0,0,benigna
H0972,180.48369982269554,165.95345429434735,1.7836865909981654,24.243926796988582,1,1,maliciosa
H0973,63.47922065433181,89.65347125596085,13.31821396061778,79.16609135082925,0,0,benigna
H0974,342.078546790444,317.1494849659184,21.485321369858784,3.844313459319899,1,1,maliciosa
H0975,223.91884224096822,520.2663204993846,2.697675036085606,25.749525398569112,1,0,maliciosa
H0976,59.62491181080711,89.0585861241325,10.993925422346722,79.45312651863094,0,0,benigna
H0977,5.473669932928345,27.65729950053573,9.762287439913027,148.8430654772605,1,0,benigna
H0978,40.103234307838704,5.576203687882895,14.409583685187664,15.91555888290732,0,1,benigna
H0979,132.91432048547944,182.9023688186333,23.0,46.402770613357816,1,0,maliciosa
H0980,762.0071949851615,14.557722523514144,4.20452130926834,43.97452069232685,1,1,maliciosa
H0981,48.291972216156964,93.76576295311929,15.349473412577124,79.42220157015647,0,0,benigna
H0982,442.9647832242942,127.31632941827401,4.3362990765366565,57.69729438461772,1,1,maliciosa
H0983,212.50104487117812,177.5089883814457,22.717830831087777,38.23846463139674,0,0,maliciosa
H0984,76.28793714042973,329.323644230578,23.0,14.589467390544746,1,1,maliciosa
H0985,15.913124886731907,248.5711990966046,4.362604777677703,7.899598001009689,1,0,maliciosa
H0986,58.642274452235306,31.86842655641013,9.528228791730456,138.71659994823233,0,0,benigna
H0987,471.35817170058135,245.33707701685486,0.4427942426985907,72.24175640318066,1,1,maliciosa
H0988,416.62232711501406,25.659303171732773,22.48665964915984,27.008119632078106,1,1,maliciosa
H0989,52.833414151174615,84.07377357258041,15.048733473512751,107.99216250107347,0,0,benigna
H0990,390.39299424711464,16.739754359722212,20.938443546939865,13.778070355713748,1,0,maliciosa
H0991,390.7760920044101,228.8250232627768,4.14709203788011,25.265938617913704,1,1,maliciosa
H0992,228.50710556286825,130.0029591412782,23.0,28.550687499742683,1,1,maliciosa
H0993,97.11367562177794,48.529764581231,7.903357111771051,118.2946231028078,0,0,benigna
H0994,46.8012521874153,9.022338608831994,13.341455003137273,17.49425509164155,0,0,benigna
H0995,370.77540667176413,565.768020845577,4.992745625975741,67.35351125124342,1,1,maliciosa
H0996,15.97785199669822,88.23244317144248,18.467401016133927,192.5711889326537,0,0,benigna
H0997,91.68170671671007,5.782649742077929,13.101175142027524,66.12792447771052,1,0,benigna
H0998,9.807970999173016,86.95992113544152,13.598740657554266,66.85571973920442,1,0,benigna
H0999,438.4654817798297,17.22121019073782,2.726281759213854,8.235976949803643,1,0,maliciosa
H1000,54.0179002604347,4.60939838279252,12.08381110629123,164.3188094407879,0,0,benigna
H1001,67.76911888119119,101.39566409933394,13.155561399803789,191.20826025503268,1,0,benigna
H1002,1.3494320121313237,59.26258444234619,15.537453903583975,139.00755754768375,0,0,benigna
H1003,252.22952890343782,94.2916613279277,4.118048859189199,28.08098202259077,1,1,maliciosa
H1004,55.93529848363663,96.7699517315597,13.100933503537966,87.71537138814553,1,0,benigna
H1005,16.71648757826123,36.58815036555009,14.474975400952621,160.04933047953372,1,0,benigna
H1006,343.9711905343022,19.89751385697099,2.823672881943149,16.899446815075553,1,1,maliciosa
H1007,23.91049308359618,122.05944934395367,13.338744374373523,87.35084733428079,0,0,benigna
H1008,292.87086787320527,263.5702958023762,23.0,42.96189950558873,1,0,maliciosa
H1009,17.973822627425157,11.010346275215198,15.661223977244635,56.903827720298196,0,0,benigna
H1010,526.3869831823303,61.548922790329726,3.1176267430949687,21.403445592507026,1,0,maliciosa
H1011,28.38183314372776,83.00494803486441,13.486048876735834,73.86954403108106,0,0,benigna
H1012,173.0900774988744,174.53709549403305,23.0,26.923837675904032,1,1,maliciosa
H1013,263.1375973477361,93.42314257163949,23.0,16.307634880171424,1,1,maliciosa
H1014,66.4755872865286,53.01713449046019,10.219558163487008,17.407418460633366,0,0,benigna
H1015,40.87948781594784,64.07103969523163,14.757486764885986,63.3472504799749,1,0,benigna
H1016,418.4606892354633,22.072439729565076,23.0,40.44762675513604,1,1,maliciosa
H1017,1.7512789464404648,59.41167182131652,11.697675781171828,36.646864848736016,1,0,benigna
H1018,52.14771150917625,93.53205666269028,8.45715813891427,93.39088739502913,0,0,benigna
H1019,1.4596166076543042,83.55556651977943,13.722259409803684,149.4955428554742,0,0,benigna
H1020,65.91562066615268,60.16046631857082,12.244266823220416,121.7912127602635,0,0,benigna
H1021,38.76216406565777,120.77417473834123,2.415400499411149,40.15466060567968,1,1,maliciosa
H1022,48.16320816996706,41.60146243485585,8.984816700100122,113.35508472580082,0,0,benigna
H1023,359.65762187983404,382.08910167554143,1.8246273335455077,29.16634022303284,0,0,maliciosa
H1024,17.844097575557566,78.02813517795127,14.56864006815648,5.419507442185008,1,0,benigna
H1025,28.804861059988635,9.421417298915266,8.770910464936803,180.88249337565617,0,0,benigna
H1026,36.06417815080829,37.96400649908071,22.98071712962769,39.42659977895025,1,1,maliciosa
H1027,73.43601458674732,92.71739089253813,11.17879177442249,61.22372227275801,0,1,benigna
H1028,64.59292985830496,30.135406147799358,10.751506340626143,70.0090139172392,0,0,benigna
H1029,608.6834428961688,175.21805448089916,1.8823787878380454,10.281573219899833,1,1,maliciosa
H1030,71.04893503839992,11.59815221390457,11.837860021785755,47.560447320684546,0,0,benigna
H1031,248.47344130644862,511.93217663669117,1.9372566928860848,11.16706519367279,1,1,maliciosa
H1032,260.6976750639976,110.98271562064349,4.224744370107329,17.826405993691026,1,1,maliciosa
H1033,12.079980229513197,78.19156569275603,16.02365178061875,19.163385289186124,1,0,benigna
H1034,73.46930519844133,18.61745374438901,13.20063307434609,47.409559168227204,0,0,benigna
H1035,95.13519768575094,64.14547297675645,17.88403096872951,155.89921704411051,0,0,benigna
H1036,508.53420071655034,213.8640522042909,0.8436225206205126,7.4597579435259185,1,1,maliciosa
H1037,388.45568854235694,72.04625010616496,19.913607815002194,39.52482045145479,0,0,maliciosa
H1038,223.10166915679176,195.91190209450326,1.044237021783283,7.4430330723241696,1,0,maliciosa
H1039,39.755224826003804,104.80106776763321,10.722120173931913,149.26893725710391,0,0,benigna
H1040,97.06782756909837,160.36791722491108,13.287818254103067,171.18878914555492,0,0,benigna
H1041,33.86726346122347,89.97004770202201,15.194283501487838,192.4630593423701,0,0,benigna
H1042,650.9634971294556,270.69894753927275,23.0,8.528170058325628,0,0,maliciosa
H1043,17.5853807280023,97.72690608812863,13.765484347218763,144.1128137251708,0,0,benigna
H1044,1.170613828622976,23.642479847829215,12.2359072434127,83.65767614906892,0,0,benigna
H1045,190.11974012296142,242.58940565478338,23.0,27.17377418003552,1,1,maliciosa
H1046,264.0185549892463,165.97381231167947,23.0,45.513085665757316,0,1,maliciosa
H1047,29.16073455265329,4.254810051462265,14.164970121466336,67.25688971844016,1,0,benigna
H1048,18.662978451624728,31.81446122197029,13.756969780514199,75.8860146795783,0,0,benigna
H1049,352.88783087705815,5.373127004000935,2.0861692183306135,19.297010072962117,1,1,maliciosa
H1050,49.482358504372655,109.59957796081179,12.898814249322132,111.23306004521706,0,0,benigna
H1051,74.99508898041353,127.66890976747662,0.0,26.807531334186255,1,1,maliciosa
H1052,33.456115508690395,78.14275408670312,12.15786680759622,132.81172556069123,0,0,benigna
H1053,7.4619994287598175,128.87408753116367,12.379500454247605,229.56134877578458,0,0,benigna
H1054,90.24497508526042,458.73780482544026,2.2523816029747605,44.73664607273297,1,0,maliciosa
H1055,229.13430457981013,200.12398110886352,2.237569848386853,30.941660423088692,1,1,maliciosa
H1056,66.8662983119436,64.06711200518819,0.0,88.97705096023145,0,0,benigna
H1057,715.993148673055,377.4254478079027,1.53100513931824,34.25182743101164,1,1,maliciosa
H1058,710.9514660320139,21.39653474239958,3.013034133910851,38.553720058615156,1,1,maliciosa
H1059,288.29821478802944,170.0119707607541,5.400345549488899,80.28743870074803,1,0,maliciosa
H1060,19.94383578960442,38.46948345238973,7.665083252898504,55.350192074607016,0,1,benigna
H1061,44.279698402162076,29.84267503636135,15.41605190522978,74.74997110198454,1,1,benigna
H1062,7.73914974377908,243.25598510551433,1.4433691131798954,17.67971429289059,1,1,maliciosa
H1063,78.78608955682571,148.87798949700215,13.65787710691902,39.996234118171074,1,0,benigna
H1064,30.65353172891969,56.27311597289078,14.41250661609755,74.00802373658072,0,0,benigna
H1065,241.08645181704276,150.4676039355965,2.3922692003331094,5.526362444806459,1,1,maliciosa
H1066,63.110636002598824,81.00024205717757,17.08014884937264,45.50812192332136,0,0,benigna
H1067,36.956338395323726,62.436134550706576,8.737770370836948,96.19809874816336,0,0,benigna
H1068,105.31311239737167,38.199414683424195,13.00643418157134,5.184339096054572,0,0,benigna
H1069,27.060344706871152,109.16346897126522,17.724797419880232,151.35993652025763,1,0,benigna
H1070,509.02599634863424,22.039404367736466,1.965649127529188,3.0530710855083285,1,1,maliciosa
H1071,440.95072911533504,265.41479047328636,20.88797998488261,35.119523181202084,1,1,maliciosa
H1072,70.18280042877578,14.87655627597475,11.922862630012583,65.00315523137498,1,0,benigna
H1073,4.497679110620062,65.16725300589943,12.119913869999985,75.9632608414436,0,0,benigna
H1074,68.228362227428,39.477551210023194,7.83295496201002,137.85551584505131,1,0,benigna
H1075,79.06128180772522,136.34057804420792,6.522770061702214,62.82229200271684,0,0,benigna
H1076,70.22251383560994,83.25287143150845,12.23308538705329,40.465736107725995,0,0,benigna
H1077,15.43948913540893,71.046338672989,8.692469403672215,137.12592022128587,0,0,benigna
H1078,55.547771284161186,96.68802128813901,17.747025963797025,26.50175750052655,0,0,benigna
H1079,376.1700410262772,225.96466333801524,3.10420693375023,22.6964297168319,1,0,maliciosa
H1080,195.61899964061206,130.96923651940915,1.8605321005447826,10.159209728761777,1,1,maliciosa
H1081,22.319587398934583,143.28387641304934,10.893425544332974,239.1929183544969,0,1,benigna
H1082,366.33355782148794,160.9893225575062,2.5953430738044045,40.2724371172451,1,1,maliciosa
H1083,334.4774781566784,368.1017111903513,2.9053470773167325,56.686587959458976,1,1,maliciosa
H1084,265.8146885520439,136.65085567172164,23.0,26.92143034735444,1,1,maliciosa
H1085,632.341590917686,336.96348075470604,23.0,14.322540304608033,1,0,maliciosa
H1086,69.75438010264473,55.89388763512079,14.678695709098394,52.10431575199286,1,1,benigna
H1087,127.96422288036041,116.0559441397546,0.6153847859933276,45.13701020967875,0,1,maliciosa
H1088,29.55078851151792,54.511359336348505,11.66192258878423,71.16338886442688,1,0,benigna
H1089,30.806450543991645,67.67130133543654,12.42323142742269,74.30194267030556,0,0,benigna
H1090,45.54178043363452,37.711451094020994,9.322333130871973,63.437460225054295,1,0,benigna
H1091,56.959205349663634,95.3105736639124,15.011783221481938,131.96790897694387,0,0,benigna
H1092,43.59454002602749,59.02132236722105,9.04284137493817,168.87647894182032,1,0,benigna
H1093,57.777555519553445,78.02679234770686,8.933293507570612,48.92836703607253,0,0,benigna
H1094,119.40345342180245,59.62778086024474,0.9957186897742129,26.544284957060288,1,0,maliciosa
H1095,197.62292022601474,21.366800132140384,3.424268005982185,11.136208569655004,1,1,maliciosa
H1096,443.2502301858718,299.4977360394238,1.621340500969216,8.966262170749541,1,1,maliciosa
H1097,23.57005304194687,88.63346327915006,13.851425619218846,63.53185464794481,0,0,benigna
H1098,28.225388076695644,118.39679149328616,14.10974032770963,97.64539312253474,0,0,benigna
H1099,62.00191983492202,108.45564818258043,13.153261293624844,33.01058895205819,1,0,benigna
H1100,345.29417399385255,303.1966814484665,21.393586826605805,53.34607948825291,1,0,maliciosa
H1101,207.44409611930269,240.08044414387294,2.793957566189999,50.94870346686449,0,1,maliciosa
H1102,31.566416767551296,56.215698735205784,11.887279502835218,132.56993480720507,0,0,benigna
H1103,689.8326659550612,109.44298782783683,0.4337363300319228,9.802687534877883,1,0,maliciosa
H1104,112.40843895460446,12.232877311966668,16.061514335189912,186.1072154008544,0,0,benigna
H1105,55.892148397733955,11.403921942675481,7.04684800626044,56.01433042494603,0,0,benigna
H1106,676.9161523191508,73.49640332817572,1.4953027257556013,50.20471685599193,1,0,maliciosa
H1107,78.71696508239523,53.24259233219139,10.72244638964827,55.54632292110846,1,1,benigna
H1108,60.183714698010135,344.61996950691037,22.840325266708646,5.474728151336109,1,0,maliciosa
H1109,15.902214038461825,47.53567206974959,12.224389906908323,124.86494615376357,1,0,benigna
H1110,77.43952259537569,100.5530836672533,10.916631564201014,113.50928889904596,0,0,benigna
H1111,319.18120679597115,126.7137148210841,23.0,77.76814228391187,1,0,maliciosa
H1112,8.819702345455312,10.552111861010602,10.923871370847511,5.117676931950598,0,0,benigna
H1113,22.914404575488458,9.747371748823227,12.141475487567932,64.79501210492553,0,0,benigna
H1114,29.5257659292214,90.50518427273666,8.060750336548704,28.081100642535517,0,0,benigna
H1115,165.8668419579612,299.99704111422864,1.2587482976105735,27.701217646855415,1,1,maliciosa
H1116,56.040184112449914,23.767146428422066,13.26208707689362,127.61996774017538,0,0,benigna
H1117,12.5259820146415,160.9542857314838,2.954520942049347,51.04138379020405,1,1,maliciosa
H1118,198.82947021639202,241.11919418042345,23.0,30.47626166707786,1,1,maliciosa
H1119,18.189884720404034,9.27791593977419,10.660045369345749,46.29211391654485,0,0,benigna
H1120,262.654814012876,459.3978784293596,1.0762196430978708,53.540809928115536,1,1,maliciosa
H1121,15.162764999595701,29.032138291773848,16.06067344214783,25.470965823991463,0,0,benigna
H1122,2.4785926259498368,57.012608549458506,15.744778406110825,160.65755473416385,0,0,benigna
H1123,201.16807670700172,240.30036697834353,21.422864726821327,2.6984519648373357,1,1,maliciosa
H1124,76.65833137470354,66.04416973694129,11.424789258493776,76.90699585054088,0,0,benigna
H1125,465.36496757339626,128.10591325349333,2.2351104442036016,13.65980026420211,1,0,maliciosa
H1126,33.46328352317109,74.83820269876092,13.871723152436186,38.11350239344874,1,0,benigna
H1127,50.920944309405016,20.023832717799806,11.193072462134078,129.72493563556742,1,0,benigna
H1128,263.46268949443396,381.0890199262666,0.6373218120983108,5.201677601327834,1,1,maliciosa
H1129,683.1553467335516,384.3962520735265,3.4173742086742918,30.94019753157556,1,1,maliciosa
H1130,47.35403762196296,16.29817654839526,10.793233407410202,37.61341662863356,1,0,benigna
H1131,14.251871174359568,88.14853658960263,11.444058667802935,7.687726159327056,0,0,benigna
H1132,16.803145824939488,40.16887695894997,13.894208929255559,54.233915959319845,1,0,benigna
H1133,19.252183502931782,99.80950345101152,14.554636160481444,127.32770145742313,0,0,benigna
H1134,329.3571614335454,234.36985933440255,2.095491003150244,41.99067207420555,1,1,maliciosa
H1135,31.470223710258175,42.09798662110799,17.049999511856793,86.56122482741473,1,0,benigna
H1136,28.17239254574107,57.26959350257142,10.941827404774418,70.05764650701441,1,0,benigna
H1137,763.3033072143951,83.14385628897855,1.631374126785763,22.073027113945674,1,1,maliciosa
H1138,402.61953218800784,12.6007025773811,21.13784052454306,18.610207769089236,1,1,maliciosa
H1139,67.030175033726,37.833478951696065,11.761733966881863,107.94071477425737,0,0,benigna
H1140,462.0825090830749,44.36880057964754,2.516495316194517,19.95551077819324,1,0,maliciosa
H1141,49.91402164279098,25.27028481272682,7.446833378652973,85.05732342202325,0,0,benigna
H1142,23.3949151709287,53.46668279135693,13.343127723157487,118.04735111109461,0,0,benigna
H1143,84.03971704856156,240.2849809778944,2.5876760578052984,64.25760256135771,1,0,maliciosa
H1144,77.76234466189734,19.26185284039471,13.165053602528113,185.58909333561283,1,0,benigna
H1145,67.36066914665022,36.017758979591775,3.8503376866296843,136.1713724248492,1,0,benigna
H1146,27.543327609150943,28.033131647225446,19.60033388917904,77.66355213872257,0,0,benigna
H1147,64.94482602792216,117.46725862973335,12.382770428282631,57.470432285473386,0,0,benigna
H1148,306.87195733720773,75.79244138964455,23.0,34.008898190353165,1,1,maliciosa
H1149,77.17040039994598,41.480697187182415,7.1501502695113945,71.37417930293509,0,0,benigna
H1150,305.82633763112767,29.779069592717548,23.0,50.489788730175555,1,0,maliciosa
H1151,366.5843918337173,77.23278478833862,1.1826847395326874,41.772534238392794,1,0,maliciosa
H1152,564.4665111399213,186.8687882706961,1.1763212521571929,42.390394596712945,1,1,maliciosa
H1153,119.15347567784227,203.99739084254438,22.926137400103954,28.029102132187234,1,1,maliciosa
H1154,25.800451158080858,75.0700010430905,14.79229344080426,159.1461531578392,1,0,benigna
H1155,599.8398590064758,638.1765726466706,1.5953893387405405,31.439018223765164,1,1,maliciosa
H1156,282.2433364918904,368.796127259386,3.120615110585913,28.931855571525016,0,0,maliciosa
H1157,547.7085971048454,14.146078903257603,4.228094944764753,36.85956989686325,1,0,maliciosa
H1158,58.79617586228055,55.96683242811039,11.415417924801059,126.87395690103469,1,0,benigna
H1159,926.572510168205,131.47801582085384,1.1146232542468355,28.94135467356096,1,1,maliciosa
H1160,67.02071074069157,43.43678476325559,5.852430296640833,231.6832866841787,0,0,benigna
H1161,82.08663198951895,64.68433940276748,14.126584500509379,107.41281667568005,1,0,benigna
H1162,101.8322357205519,138.3571776871708,16.905501458661192,35.8086703423974,0,0,benigna
H1163,112.44088028607102,43.45915813675227,14.90442989810228,142.84272195139934,1,0,benigna
H1164,49.48355940200436,13.612629365412268,11.916913570193095,22.49989022764268,0,1,benigna
H1165,513.8954488044077,8.662303360930025,4.9077575525212636,24.07526150800023,1,0,maliciosa
H1166,672.5029097874151,261.06390546514626,22.479816842030594,40.1754625066046,1,1,maliciosa
H1167,459.4440325498476,314.6622474482099,2.533901840621991,16.322276090722553,1,1,maliciosa
H1168,49.68476382666545,58.17083618280013,16.502072428140373,26.829688933763165,0,0,benigna
H1169,79.31986152311788,10.872323611297958,16.17942510093348,80.57104243554654,0,0,benigna
H1170,584.8802539885353,574.7336301374207,1.8592984097561276,5.259019511252724,1,1,maliciosa
H1171,243.62561487743767,386.35910829904117,1.9325506064956226,43.45307683329574,0,1,maliciosa
H1172,25.853597589551256,95.63370549096058,16.209640886171748,67.90250424806857,0,0,benigna
H1173,18.306444313086185,72.9544029617476,10.382657833708796,128.53052232126274,0,1,benigna
H1174,261.6754741357395,218.35679612881987,1.1769651161546135,66.45749365181354,1,0,maliciosa
H1175,24.41553061874314,53.04814016933291,8.164392814603016,63.501567517425244,0,1,benigna
H1176,362.40749511026996,384.6458501979962,1.0831748427665542,9.160699586646196,1,1,maliciosa
H1177,71.01546871356443,20.50752045750155,15.00637565232909,93.80222417467735,1,0,benigna
H1178,515.3288710365119,414.51199554583275,1.3457969099374314,19.063964523919566,1,1,maliciosa
H1179,21.234046361209256,133.7797289515534,14.283162716489285,87.9271560766316,1,0,benigna
H1180,87.44143503141623,75.1247504170925,9.213637377689254,74.93730088651576,0,0,benigna
H1181,63.69985765700744,134.80859131163538,21.14878289818875,38.10376331822944,0,1,maliciosa
H1182,218.0424261285248,16.814145465862595,3.3227960132599237,38.699969300914354,1,1,maliciosa
H1183,44.15227625407381,107.67537402908086,14.397278139424985,16.565911042065395,1,0,benigna
H1184,76.18214529976544,122.89041002496796,13.308306958431329,155.9898014483822,0,0,benigna
H1185,240.74297428337184,285.78698108102367,2.5198931647563683,13.416819244077397,1,1,maliciosa
H1186,74.58752635867499,42.77991342182928,12.826045686262518,247.30199939396203,1,0,benigna
H1187,54.470406529531076,28.698136144259976,12.624006986551041,115.0786865857574,1,0,benigna
H1188,87.2311406734822,28.493167391480974,11.914652555791779,96.55056480675516,0,0,benigna
H1189,3.9436203990322127,73.38065310975965,13.456472470855187,90.51762880206147,0,0,benigna
H1190,2.57706681335781,94.64128796161515,10.553766950497067,73.85302103611747,0,0,benigna
H1191,227.76563605363012,165.96504250217927,0.6957026151687146,31.061932812278343,1,0,maliciosa
H1192,387.0913504985698,304.22739489076787,2.2099960164780024,24.141282655571008,1,0,maliciosa
H1193,8.773159119803779,128.40054806822764,3.827205215108245,34.19425063118476,1,1,maliciosa
H1194,110.82592896975115,180.79755109789875,1.9277773329836987,45.85869976113191,1,1,maliciosa
H1195,72.07792553922404,47.70569293901579,10.504013917699208,80.2741736519964,1,0,benigna
H1196,529.1278600422662,339.4949956533963,4.542657515195198,28.4750877594037,1,0,maliciosa
H1197,805.4073308497468,371.4991679330666,2.5448625990326113,56.968627068473474,1,0,maliciosa
H1198,55.93745043497587,57.21142425507543,6.193415134207825,55.586470316634355,1,0,benigna
H1199,678.7195152810491,405.63892454302925,1.4536505604557615,13.228098060423996,1,1,maliciosa
H1200,413.40605760653295,89.27041497996379,0.9372926517347905,10.229165348838407,1,0,maliciosa
